0.0379694531675565,0.0379694531675566,0.0379694531675566
0.181072940352061,0.236172399447928,0.662721237213004
0.115799943767503,0.187995178411776,1.3138697968921
0.0960151856547374,0.166427160555037,1.88256081508795
0.1021069820964,0.19163818738372,2.37595861559268
0.107530427272927,0.244022029282897,2.84472509535338
0.152282028785519,0.112904709279148,3.38689257991999
0.13891430513438,0.174207174560041,3.8562705118928
0.136433450074897,0.24587917449089,4.31227816772403
0.142694257472939,0.330829053306676,4.75384327069456
0.154736983272782,0.436437889930949,5.17659945279825
0.200367319503286,0.429860866214267,5.6353140383455
0.21608708480274,0.55249100509429,6.02957378598781
0.23571031443601,0.704055843215719,6.38720376742391
0.250742772339346,0.905248126527541,6.68562981994108
0.266150392024026,1.16094863807591,6.90875078922372
0.339642330763124,0.919761593372352,7.53675867581535
0.352874023413209,1.18757444100659,7.70687015128074
0.361032160398386,1.4684600510113,7.81257737367544
0.368997154026483,1.73689288964306,7.89266285740885
0.375040184448834,1.97933576281981,7.97044423902666
0.476172893348832,1.768340872434,8.48409785026632
0.469045512269176,1.96787437511627,8.58811406273792
0.467560829105254,2.15169848425825,8.69640695649537
0.468531428843971,2.31404605058004,8.81775059235816
0.47100610249347,2.46050083855622,8.94786984260215
0.571592251664809,2.03751290086478,9.72343228972843
0.569708838461398,2.16323853804684,9.87809614310773
0.569677739060115,2.28067268076507,10.0391577803181
0.571474883957494,2.39128808252957,10.2007085079248
0.57416286653686,2.49531651960899,10.3663695415779
0.691488702106932,2.49774419775071,10.44409590553
0.6896284442064,2.59376975921965,10.6048418623216
0.688958143628615,2.68541620969154,10.7699911395479
0.689856526764237,2.77616485944878,10.9320625158403
0.691952173929569,2.86450005370581,11.0953854570131
0.839167086355342,2.84827350196561,11.123387650022
0.837439975043175,2.93104118066339,11.2768830465769
0.836615172109284,3.01391904222914,11.4301799207319
0.837645325736441,3.0975593189021,11.5814295166349
0.838903267082787,3.1792056025319,11.7317638219131
0.953375400159944,3.38841454840068,11.4876933054764
0.953581788477364,3.46249054408365,11.6370526153788
0.954790641214319,3.53826060171534,11.784778069598
0.956819577131053,3.61222433234999,11.9317591738465
0.959587340102884,3.68714842317367,12.0759950669127
1.20341219695644,3.47636065121299,12.2187000653498
1.20364574522496,3.55096165195438,12.3470043556832
1.20396546821438,3.62475326229716,12.4774588584689
1.20520288544846,3.69953648498831,12.608778714376
1.20760383301476,3.77355434066138,12.7389964649602
1.36089141287496,4.11183608142604,12.2458620257962
1.36181930725187,4.173679803872,12.3843245590513
1.36359059923498,4.23584684146166,12.5207956166858
1.36618799021705,4.29907275543841,12.655959639151
1.36949100478255,4.36101897585361,12.7946048462238
1.61618161855374,3.95859769586954,13.2383067803438
1.61775252622249,4.02524953298426,13.3578278158143
1.62196659911152,4.09179165977208,13.4820036957499
1.62457910711373,4.15718158719037,13.6093290333765
1.62846070081235,4.22430071603398,13.7357043877423
1.87397871915046,4.1216523766761,13.7626861567177
1.88048825447979,4.18460435141613,13.8838264903515
1.88603373002351,4.24833746882486,14.0094362361191
1.89165789918822,4.31056060833272,14.1349760786993
1.89859321400964,4.37399640593881,14.2624490399733
2.00247158550224,4.41943109735617,14.238502060656
2.01088120118077,4.47888119313588,14.3671862978513
2.01948288405985,4.53873044497112,14.4965189589122
2.02803136447381,4.59712991647631,14.6280194652257
2.03753028735028,4.65537600653896,14.7630291996901
2.27664576354009,4.60111227797576,14.6178165498129
2.28983476413037,4.65482847811015,14.7417463612459
2.30321551619802,4.70819709245012,14.8694921496102
2.31652030090742,4.76169147975519,15.000702920314
2.32985837748414,4.81507626640466,15.1328062234249
2.4460584779071,5.09990021867194,14.6202111594999
2.46407794919268,5.14885750521189,14.7457596565697
2.48072135561376,5.19734571705821,14.8743268317896
2.49829081258918,5.24594988770218,15.0039409179584
2.51577718692397,5.29414149885808,15.1342617182145
2.6791514441211,5.00002250184302,15.4436514122055
2.69962571886186,5.04456758763781,15.5710469834275
2.7186603260692,5.08998191760653,15.6994602203483
2.73885102877264,5.13584589834979,15.8280901814991
2.75926577380731,5.18206230030592,15.9592738376445
2.84354023915252,5.24470283647617,15.7878625899569
2.86535247020072,5.2883507835762,15.9123929423556
2.88733460829243,5.33226500072683,16.0374057153459
2.90975105170608,5.37688256597725,16.1644398889166
2.93207142219333,5.42140464476639,16.2913824001902
3.12092182644547,5.13217215390006,16.4562855222789
3.14567628352738,5.17238883653647,16.5758379629952
3.16994930384025,5.2123532043813,16.6951468924673
3.19377898281556,5.25377945453388,16.8160672544926
3.21912843198369,5.29596831675987,16.9356514999645
3.33459146864884,5.106137590664,17.1026105358989
3.35934575850068,5.1450101547935,17.2173331884574
3.38494107874486,5.18575631467853,17.33304982484
3.41033998923771,5.22683554304084,17.4484314584311
3.43597006288627,5.26885939794734,17.5637669931603
3.46346627170373,5.35911969137494,17.2718648087086
3.48852336417322,5.39842116278753,17.3809505899417
3.51464120909818,5.43961671350393,17.4882408212111
3.54090649246352,5.48097756546667,17.5971823565817
3.56704605804571,5.52279727782119,17.7049917624555
3.6893537504139,5.39188091029564,17.5227382970003
3.71345233338071,5.42867581349252,17.6212231253491
3.73871491476591,5.46675540500559,17.7204863451757
3.76422579046884,5.50594433171209,17.8213636716905
3.7905796659403,5.54551470164798,17.9212965862955
3.79830957826144,5.601429045924,17.9075676076658
3.82405706756638,5.64272112960848,18.0052642947514
3.85041516652199,5.68251226767195,18.1047885396685
3.87664504747581,5.72405927091288,18.2034290782377
3.90334661893322,5.76670428788855,18.3008398383844
3.92886221468546,5.77813809373084,18.2525606377027
3.95428955352006,5.81970697385068,18.3475592270657
3.9810219978772,5.86131987370095,18.4436914506391
4.00486786252069,5.90164064239382,18.5378878238931
4.03145918067641,5.94393222741179,18.633743327001
4.07073314630093,5.95486890028022,18.4653733551547
4.07992972133815,5.99405722397454,18.5650302139026
4.09368964120351,6.03394763035229,18.6606778564118
4.11278732978207,6.07563956907807,18.758418328583
4.13562993513529,6.11643266772122,18.8528995657386
5.25751924278734,6.16146513703079,17.7522824621287
4.84221090638535,6.21465430214571,18.1704108958802
4.59819245279217,6.26339409230334,18.4598576271752
4.45800779232156,6.31069066611667,18.6729846170961
4.37900331574857,6.35307739242768,18.8428596401946
13.8329704017041,5.94956159982432,11.1832933739682
11.7206690540415,6.07124781552732,12.9401726313005
9.80013978222398,6.18961302292334,14.5566909724704
8.2376385673304,6.2964306574618,15.9013392991861
7.05901385915437,6.39130089035388,16.9471729229217
20.442686314989,5.61653763479247,5.77543453114395
20.110397292575,5.64600818565553,6.10167334840725
19.7625758941223,5.68022344284822,6.44065129506425
19.3755707140038,5.72027839265118,6.8126338187568
18.9204320987358,5.76751219887288,7.24268597461751
19.9489160035128,5.71631379383675,6.19910807869943
19.6914246108829,5.74761146036422,6.47056103688147
19.4285247631207,5.78300113927599,6.74620252945799
19.1507061926508,5.82272998988855,7.03480643902549
18.8463423296073,5.86719467968004,7.34701208954025
19.9186394408619,5.76393009365128,6.11954144178469
19.698668120401,5.79298168484757,6.36591771539328
19.4838169361944,5.8256348904402,6.60549793565344
19.2715337137432,5.86166673743105,6.84148363657418
19.0595748030558,5.90079226161108,7.07642619223041
20.3889415114304,5.64716390730452,5.89053102334248
20.2026612865413,5.67499101149601,6.11517921350036
20.0255355387346,5.70455020134117,6.33076976459225
19.8535347957759,5.73603719760801,6.54079637607138
19.683309712255,5.76954036324773,6.74808263411376
20.5743556831719,5.55338436450451,5.98596326690485
20.4164498366465,5.58436690348291,6.1849504823388
20.2661316215124,5.61529554168306,6.37717926202654
20.1192919923787,5.6467061880396,6.56592240934325
19.9733006585395,5.67901368436957,6.75355236662947
20.5086777721792,5.60033924579087,5.95932685665451
20.3726948949668,5.62724069128062,6.14931559291233
20.2408240102577,5.65510658303651,6.33438090359191
20.1102864668106,5.68419050724236,6.51687144786808
19.9788430948084,5.71467888597749,6.69870277851546
20.5860439711666,5.61641049487407,5.66010669776226
20.4644731848094,5.63853377580553,5.84705326922212
20.3476915408614,5.66191520920491,6.0266753005955
20.2324969899082,5.68676395268173,6.2019140684698
20.1165659745885,5.71322139777997,6.37508728812285
20.5977261308111,5.59758077273097,5.67868114200585
20.4939744343188,5.61990770031864,5.84978042498626
20.3925959041984,5.6429719355398,6.01490746232051
20.2911686323449,5.66704872645706,6.1766379268059
20.1879512076719,5.69238447011253,6.33697578785373
20.5282294999109,5.62811296247531,5.73962365787872
20.4369189460211,5.64895556126727,5.90126906371613
20.345473980545,5.67086394869494,6.05874711548707
20.2522794461361,5.69404512293603,6.21400857404098
20.1558354582264,5.71867518191265,6.36880181135134
20.4337071628219,5.63283699870205,6.08568975645751
20.3473546170504,5.65633966688333,6.23438514719648
20.258875891467,5.68072849244127,6.38201077822054
20.1674936152152,5.70624886309712,6.52980916993854
20.0723383479584,5.73312467967533,6.67903636982418
20.4213525367232,5.65876887082019,6.0675903447142
20.3412852214171,5.68077950512299,6.21179633696147
20.2586515648772,5.70386885360269,6.35474051469623
20.1727780800266,5.72821882843237,6.49760852789624
20.0832084949558,5.75401347412206,6.64142471756136
20.2368045424752,5.77451846451547,6.04890537618546
20.1490238697967,5.79524509719617,6.19612096822649
20.0566337682362,5.81822723267008,6.34249039967937
19.9590285954708,5.84353155675804,6.48942484193253
19.8558068076468,5.87122870536562,6.63817848349657
20.2946142971717,5.75847866015784,6.06996271855957
20.2120177002939,5.77944039370174,6.20900226879207
20.1253705424599,5.80218865937363,6.34684559344675
20.0341323689923,5.82684069869906,6.4848777267655
19.9375828481836,5.85353332819764,6.62453058869997
20.3401602973346,5.72240496074964,6.31446621623976
20.266033052396,5.74516389492624,6.44609168397399
20.1891619364013,5.76895156450182,6.57697522603122
20.1092536908032,5.79393315129739,6.70809333456682
20.0256848575584,5.82027337628507,6.84054714741685
20.3524224568241,5.73402931699172,6.34309255862437
20.2806136160331,5.75649073290666,6.46941220416906
20.2059901863029,5.77998888567076,6.5951428936407
20.1282331422543,5.80467816312599,6.72124044047792
20.0468320694787,5.83070533069608,6.84866493466852
20.3250046415715,5.72754763863293,6.62986224238105
20.2527606573585,5.75159649040802,6.75055925873453
20.1779177240739,5.77647148617407,6.87203190039197
20.1000596878721,5.80237677391525,6.9951854116078
20.018685416126,5.82952294548393,7.12095174345764
20.2385657974073,5.78360118772565,6.76266413646477
20.1658659407009,5.80828514661507,6.88158295323485
20.0901780686305,5.83414095739236,7.00199730686709
20.0111666303211,5.86135619655254,7.12470437650921
19.9283261270603,5.89008292630314,7.25065376868897
20.1881504896632,5.81628767545998,6.95438241709992
20.1163812520906,5.84193512997146,7.07182220827833
20.0418073210406,5.86882944411883,7.19122265223998
19.964086401395,5.89713278668246,7.31336868148055
19.8827356044416,5.92699349140442,7.43915302739644
20.3273741816261,5.8027821443228,6.82177255942785
20.2647902750678,5.82640745761312,6.93360326563216
20.2002669470258,5.85099610517975,7.04563762731554
20.1335875386269,5.87667556758071,7.15861271392922
20.0644410724275,5.90356290877926,7.27320496994202
20.2810848829922,5.84539773523182,6.94936862573259
20.2193650869683,5.86983966686172,7.05879314216625
20.1557314671939,5.89535394838233,7.1688543728542
20.0899084755559,5.9220461756051,7.28029927233607
20.021645697035,5.95002972689852,7.39380255849574
20.3429133824324,5.8521202603019,6.92661870075934
20.2857018893668,5.87589980872675,7.03281547079687
20.2270242720486,5.90065115552715,7.1389010360468
20.1666850739751,5.92645951853615,7.24556698122413
20.1044287542097,5.95342128041393,7.3535329328706
20.4631330023871,5.819459093208,6.93391564595719
20.4116916729594,5.84233588195747,7.03752039340148
20.3593478243271,5.86588729679364,7.14025971862252
20.3058437293648,5.89020477444513,7.24272937911904
20.2511361224819,5.915417817315,7.345607289611
20.3713803960897,5.85979600904107,7.26595525238691
20.318354630349,5.88448270765599,7.36741219969579
20.2640911849717,5.9100591533043,7.46987931521192
20.2084060400149,5.93664012640846,7.57391207081344
20.1511383641691,5.96432538487394,7.680035305289
20.3789929290419,5.8794547778191,7.38761142419558
20.3279828823344,5.90449488837963,7.48719953784576
20.2758747170796,5.93043696723677,7.58801444878955
20.2224711204716,5.95738755377231,7.6905952030878
20.1676903043015,5.98543647803232,7.79538409135452
20.4502780093511,5.85794911604261,7.59737280797716
20.403188245395,5.88265648273111,7.69675411433564
20.3555238713628,5.90813641626762,7.79729000477539
20.3070559031012,5.93447643688037,7.89945573667689
20.2575829733645,5.96173942084193,8.00366906066563
20.4898609091946,5.85546998836853,7.89281160869243
20.4456973474696,5.88011841611873,7.9936061703655
20.4013689258288,5.90546730548641,8.09561164243028
20.3567571567272,5.93159953277017,8.19918766873848
20.3117492587394,5.95857954276807,8.30466439436308
20.4323958069502,5.90969576551542,8.16946772997901
20.390012115924,5.93576163227356,8.27200690373525
20.3474346815392,5.96263912544149,8.37631761254265
20.3045843405808,5.99037723856189,8.48265798724669
20.2613349913784,6.01901831675253,8.59127077709848
20.5394632831804,5.90860562212725,8.02771440742358
20.5012191976905,5.93374294917178,8.12357825810814
20.4630076684285,5.9595799046098,8.22042812721073
20.4247813829696,5.98615806014363,8.31852188016682
20.3864993647016,6.01350925259198,8.41808759981024
20.5259980564433,5.95138001104208,8.23391971627543
20.4899823338307,5.9775164624135,8.33011754624619
20.4540529436104,6.0043708832411,8.42752731952175
20.4181705427429,6.03196052399896,8.52634896150493
20.3823231066968,6.06029194550832,8.62673559384852
20.5064220745389,5.99918346231949,8.56796262380118
20.4728965919204,6.02656343057011,8.66661419690852
20.4395190978326,6.05463001489678,8.76671320113926
20.4062212929934,6.08336087211407,8.8683868970324
20.3729124529006,6.11272008298489,8.97172525438017
20.4604726070778,6.07609787419908,8.65440229010316
20.4276009424191,6.1050214711075,8.75429906370852
20.3947740832431,6.13456427144625,8.85580416145403
20.361850272972,6.1646193363448,8.95905397755291
20.3289548554811,6.19522910326291,9.06392310155203
20.5893508958007,6.05975932418027,8.61795199941568
20.5595633157659,6.08721665628446,8.71174550827101
20.5299093548223,6.11517265755978,8.80666174006682
20.5002920894002,6.14357236961854,8.90267225806475
20.4708238067557,6.17242075353442,8.99980915952456
20.7000711974743,6.03557295519863,8.73016653122834
20.6724913166127,6.06253986393421,8.82411863785421
20.6452905838247,6.08997315464674,8.91915731550263
20.618285130106,6.1178202505889,9.01533544347983
20.5916190331896,6.14609242995761,9.11259800937327
20.6332699706972,6.13516324325652,8.65932827134445
20.6064419168164,6.16311266298008,8.75053972898849
20.5798538362357,6.19147459474571,8.84282624315279
20.5533496985706,6.22017301409014,8.93622950973116
20.5271824778498,6.24919901317578,9.03070953870643
20.7397818096356,6.10911238975046,8.61474343891174
20.7148272756207,6.13636539397348,8.70512778065993
20.6900949686443,6.16401844633478,8.79649265568105
20.6656748771745,6.19205410074076,8.88883291287509
20.6414264957283,6.22040458079352,8.9821665261314
20.7755304634558,6.1337400434609,8.72326041341031
20.7523376518646,6.16096580802534,8.8135594186158
20.7294934592815,6.18852036507126,8.9048281496776
20.7069288024107,6.21632887857777,8.99701295650623
20.6847104578472,6.24440261628628,9.09014825547576
20.8225316082754,6.15185936704575,8.99997757309847
20.8015347579697,6.17917343075912,9.09368163541547
20.7808745606813,6.20673297904079,9.1882110664543
20.7605688253054,6.23451949596798,9.28353740389139
20.7405900388165,6.26248761105058,9.37963642114793
20.7637767805019,6.24726973808593,9.07633173470715
20.7442467043013,6.27532083480708,9.16971444165116
20.7251239427617,6.30356634529901,9.26392657453484
20.7062972103827,6.3319706666441,9.35890020954211
20.6878562118504,6.36047839983469,9.45452081395776
20.8590780600557,6.22443002243867,8.96257650229383
20.8411567583088,6.2515297984623,9.05269539111135
20.823569209618,6.27883157054166,9.14370280151928
20.8063910501286,6.30632004819505,9.23549832621252
20.7895714781568,6.33395690573863,9.32804278078674
20.9972239244843,6.15231339619742,8.6080765957156
20.980216615169,6.1779832850684,8.69277394679024
20.9637159817206,6.20388332229205,8.77809563337232
20.9475995986913,6.2299839374719,8.8641346474504
20.931887568542,6.25629072358485,8.95096167287869
21.0718172098288,6.12708901456006,8.39901263551376
21.0552719621721,6.15202102106462,8.48164559825033
21.0393820709528,6.17718375805997,8.56449590688339
21.024079020716,6.20258904680549,8.64775572858883
21.0093154849225,6.22824028773939,8.73157041221501
21.0567006917028,6.18668625460776,8.48090437942791
21.0417998529653,6.21176679928092,8.56231946454522
21.0274222077665,6.23709977196788,8.64412148056088
21.0135252460712,6.26268942081264,8.72645121326186
20.9999866234263,6.28846875805236,8.80941287153247
21.0820239482965,6.23425416360068,8.79494060102324
21.0690223508093,6.2592648844191,8.87771816525943
21.0565210078042,6.28444879132674,8.96107493127611
21.0444449370938,6.30983309382156,9.04506215658462
21.0327662937681,6.33542357143881,9.1296984095437
21.1280517191172,6.249169889651,8.88267361167797
21.1164146324122,6.27392679704333,8.96568573123872
21.1052315400225,6.29887514633858,9.04926569273809
21.0944759748927,6.32401295918633,9.13345427385478
21.0841060306596,6.34929547780069,9.21834521406024
21.124674098193,6.29634576604232,8.90912323441774
21.114085917841,6.32115421898183,8.99146070935448
21.1039011252274,6.34611321944731,9.07437634128639
21.0941668224378,6.37123208101639,9.15795481973872
21.0848565947727,6.39648039489137,9.24218205993318
21.2208596356153,6.26024240724868,8.90155877867931
21.2110327669767,6.28430340653835,8.98485781024927
21.2017696357077,6.3085138542295,9.06865591654908
21.193028195925,6.33286521970906,9.15301511893196
21.1847790330705,6.35734754031135,9.23795860725793
21.2422388326803,6.2817354700963,8.90975750893617
21.2334233145945,6.30570223598718,8.99272738988803
21.2251979261628,6.32982319641662,9.07618319286536
21.2174915589954,6.35407644766936,9.16018628944527
21.210290086295,6.3784858668555,9.24473534472748
21.2120177482596,6.33175105026679,8.79439576519194
21.2036481063959,6.35580924792083,8.87413679063319
21.1958482966357,6.38002325312973,8.95434162323446
21.188590905315,6.40442642551075,9.03502568410454
21.1819044470244,6.42904051545722,9.11626588766525
21.2479617499379,6.34787572595377,8.87668209742644
21.2407485827023,6.37181023431784,8.95744404215487
21.2341319335318,6.39593101402404,9.03870011702712
21.2280563257705,6.42023144876753,9.12049856903515
21.2225476670855,6.44475130434269,9.20284979392629
21.304063738401,6.32786344053687,8.80302703951761
21.296783113552,6.35110009581418,8.88290920344777
21.2901869155461,6.37453608408626,8.96312182457812
21.2842267238894,6.39819005327434,9.04375968420333
21.2788568231365,6.42206770758406,9.12487748306003
21.3290086472617,6.38471461385366,9.10333039743926
21.3237924751719,6.40800808280782,9.18405700704428
21.3192069378074,6.43154979635692,9.26528414058492
21.3152213691464,6.45533972461669,9.34702077623371
21.3117717557155,6.47934739472415,9.42923661359568
21.2648633807378,6.46393023582319,9.02633225125722
21.2605905341031,6.48825335758554,9.10530771425437
21.2569363330185,6.51285022375205,9.18485830517927
21.2538831243217,6.5377270883391,9.26502039660962
21.2514054147903,6.5628764178213,9.34579530600978
21.251408574974,6.51056098103134,9.01016344763756
21.2480874797569,6.53547469597088,9.08875315257008
21.2454029850618,6.56066377410815,9.16798997703785
21.2432849558919,6.58608632408104,9.24785926280208
21.2417310756131,6.61174862514019,9.32838304526484
21.2747141903364,6.57033711791116,9.24873238254757
21.2731373181991,6.5954951158319,9.3281267191368
21.2721205025945,6.62091512490009,9.40818128778019
21.2715932323963,6.64656019395307,9.48886080011464
21.27155822777,6.67242747296043,9.57011827434661
21.2279761603002,6.66905558310295,9.28964381713153
21.2279062099515,6.6954278815528,9.36990103260085
21.2283278351174,6.72198296875568,9.45080389919985
21.2292502258589,6.7487212863606,9.53232339212088
21.2306358479445,6.77562226451984,9.61440683275027
21.2085043626315,6.74045718971799,9.3221881460625
21.2092862217773,6.76699254422601,9.40103091725278
21.2105523451163,6.79368738653855,9.48055371293023
21.2122456669972,6.82050571178936,9.56069681072128
21.2143794088355,6.84744462976051,9.64139401150928
21.183169144543,6.83082543915332,9.38388215862092
21.185319147202,6.8579644417469,9.46358634948772
21.1879362472899,6.88521035960829,9.5439426313267
21.1909911304889,6.91254186911696,9.62487999964213
21.1944434289815,6.93993044056159,9.70631797824722
21.2113881882179,6.80239776929777,9.23947550664409
21.2130763345268,6.82873813438612,9.31607067438764
21.2152664976949,6.85518452795634,9.39343523280144
21.2179742040873,6.881737435355,9.47153107214055
21.2211566593545,6.90835596877629,9.55033680059388
21.2411726076008,6.87006761824874,9.44161846676712
21.2450077709485,6.89708742311278,9.52307485284207
21.2493618447885,6.92411931139168,9.60520908425914
21.2542635219787,6.95100702868902,9.68817810022794
21.2595995217677,6.97762287832368,9.77186405626651
21.2923219161133,6.84747566334077,9.4201269005111
21.2963194975198,6.87369198593132,9.50210771799195
21.3008861448538,6.89982933611002,9.58484256571421
21.3059482276328,6.92580955973628,9.66831235042613
21.3115110378319,6.95164714684314,9.75232836538398
21.3038330774814,6.81252824131559,9.21842331420648
21.3067986004785,6.83811965950307,9.29734410775197
21.3104528643875,6.86360170950221,9.37718765739143
21.3147150891028,6.88898918791976,9.45783086179753
21.3195679207647,6.91426248316003,9.53922342966382
21.29551938487,6.8760157923473,9.29807045380662
21.2997483051644,6.90136383350746,9.37747818376886
21.3046046674305,6.92662203132373,9.45767882803279
21.3100637547817,6.95177676397619,9.53859293043002
21.3161201963552,6.97684763259525,9.62012562153413
21.3316651434082,6.83600668449345,9.19378576211231
21.334675946544,6.86029199254804,9.26955023750311
21.3383820127497,6.88454174070421,9.3461030507192
21.3427463875163,6.90868623118377,9.42342038007862
21.3477423551333,6.93268566166603,9.50143372981462
21.3393336281082,6.79766787546916,8.98991985924508
21.3406972719052,6.82137549222478,9.06229583166301
21.3427867810288,6.8450112744149,9.13537706740942
21.345591182898,6.86860775704848,9.20917271853016
21.3490969612803,6.89219027935299,9.28368764662363
21.3027469000475,6.88064544122596,9.07514673688421
21.3057755040498,6.90394778982943,9.14630718370747
21.3094512524767,6.92727967886108,9.21818981924657
21.3137575982936,6.95064725903398,9.2908025398823
21.3186769158218,6.97405508094262,9.36413879572762
21.3462236400447,6.85778609473286,9.06127041885098
21.3485522525052,6.88021350522608,9.13068154711982
21.3515054943401,6.9026516679535,9.20070263270507
21.3550992705995,6.9251286102063,9.27137702362858
21.3592904978804,6.94755407994901,9.34267741853253
21.3122385259811,6.93596227584234,9.13294444851491
21.3161555333868,6.95841421057788,9.20255747496621
21.3206697560486,6.98096051236196,9.27283386863315
21.3257741244923,7.00360520208249,9.34378853015602
21.3314800920627,7.02632331307949,9.41541230990763
21.3414248422524,6.94179937192509,9.1733570857952
21.3456216034551,6.96385581404635,9.2427025461758
21.3503982153778,6.98601161808563,9.31267907643695
21.3557200660998,7.00824645421983,9.38327608113896
21.36160432456,7.03060979525367,9.4545231106956
21.3782773490641,7.00596214363264,9.42301281932187
21.3841858317942,7.02802545554402,9.49384013750375
21.3906012502849,7.0501907029451,9.56524886914133
21.3975343145165,7.0725009396066,9.63726787462694
21.4049485429511,7.09495008292195,9.70985452655451
21.3950604586738,7.02231523131038,9.45462282123871
21.4012008778997,7.04416825727737,9.52472134742961
21.4078468113536,7.06615761482282,9.59542112167946
21.4149861796551,7.08830469804921,9.66672068940317
21.4225903815792,7.11059869015002,9.73857860839717
21.3952928558937,7.07522033849528,9.53838464496316
21.4023550518325,7.09736663632877,9.6087897933268
21.4098946333316,7.11966969787485,9.67977918360967
21.417881607239,7.14213189687699,9.75132181945463
21.4263012803556,7.16473011522736,9.82336238921667
21.44603194387,7.05373568750009,9.56550313379598
21.4528292523148,7.07516692479171,9.63439764019822
21.460105317052,7.0967603017346,9.70387512698598
21.4678270398063,7.1185207510564,9.77391694626049
21.4759627766898,7.14044266164125,9.84448014504572
21.3896878545096,7.10655727813749,9.4778857380614
21.3966788073352,7.12840596858176,9.54530826089057
21.4040918681025,7.15044066339995,9.61332600040183
21.4119147753292,7.17265526068188,9.68192035897634
21.4201340546695,7.19504125959017,9.75106130986279
21.4189756346529,7.07305038065094,9.405719178306
21.425343819496,7.09443076712596,9.47208458747582
21.432174132308,7.11600242613141,9.53903076994178
21.4394481611355,7.1377592880203,9.60655343552314
21.4471467585051,7.15969391069355,9.67463811315217
21.4187391528876,7.09084082837002,9.39180094939972
21.4252543998997,7.11227554336924,9.45774523276662
21.4322116403117,7.13390347792153,9.52424783442373
21.4395947768224,7.15571799970199,9.59130904473154
21.4473855903802,7.17771101963973,9.65891858846538
21.4105028952921,7.17149900711456,9.52162897723415
21.4182322745805,7.19359863242277,9.58854534450248
21.4263431011795,7.21587484441561,9.65599364579646
21.4348191317706,7.23831625857934,9.7239527289996
21.4436419440268,7.26090991338548,9.79239027090769
21.446701299105,7.17173917333177,9.56127877863549
21.454483997941,7.19365009722907,9.62800485904341
21.4626444024708,7.21572622330674,9.69524075078117
21.4711690974509,7.2379536410973,9.76296316600775
21.4800396337953,7.26031665738593,9.83113502378091
21.5110360848804,7.2376774739303,9.84715907326686
21.5200879319592,7.25990177294527,9.91573274742695
21.5294232751842,7.28223759100376,9.98467927272898
21.5390343394725,7.30467749565823,10.0539453235781
21.5488972901361,7.32720829055973,10.1234737146676
21.4875678977024,7.33158139230942,9.94170660645019
21.497464285229,7.35460241430389,10.0114037238451
21.5076008268688,7.37770194597041,10.0813279173692
21.5179538117997,7.40086561158245,10.1514182242254
21.5284965679501,7.42407843285589,10.2216109690004
21.5292949506108,7.35842093241888,10.0504594254954
21.5394339269303,7.38115978133786,10.1199738415134
21.5498071880512,7.40387186033185,10.1898386501659
21.5604030199577,7.42645918321466,10.2600781596381
21.5711442628461,7.44896368863791,10.3304858685139
21.4684002107558,7.36005415949599,9.80692497739205
21.4783324059275,7.38272630506965,9.87653259436897
21.4884776320616,7.40537661615573,9.94647501798822
21.4988391553242,7.42798618210254,10.0167491591634
21.5093690402698,7.45052419419202,10.0872818034795
21.4858895662756,7.29948180353655,9.63908418202801
21.4947151287228,7.32129011429025,9.70738298897994
21.5038940205221,7.34305695236658,9.77615067313872
21.5133696816839,7.36481663641965,9.84528735934801
21.5231218505889,7.38651786914546,9.91480277290188
21.4977133411325,7.33921547973349,9.71663004843979
21.5068934089074,7.36071387524932,9.78522718266145
21.5163410030841,7.38217966161839,9.85415736179136
21.5260553169908,7.40361446380308,9.9233772426148
21.5360596460564,7.42496434254796,9.99288933080175
21.542345131834,7.30682024088383,9.68983016841804
21.5508077880067,7.32757947052096,9.75734420530061
21.5595765420201,7.34831176838571,9.82518659886501
21.5686199321769,7.36891693824861,9.89334030472211
21.577882600564,7.38939909735322,9.96174627146618
21.615320109136,7.30401167781623,9.80656800614536
21.6235174470176,7.32418448716821,9.8746078464191
21.6320171954606,7.34430979307253,9.94289321750114
21.6408013142654,7.36438880089964,10.0113883912524
21.6498594830924,7.3844161672562,10.0800592510753
21.5875796782968,7.3756488457155,9.89084156047137
21.5966916066264,7.3960475285485,9.9596529375052
21.6060241772807,7.41638457076866,10.0285621017117
21.6156080185611,7.43667568746625,10.097554118829
21.6254263800423,7.4569281065469,10.1665816334801
21.5372461554353,7.47298356754779,9.95832029942813
21.54739142674,7.49398261545937,10.0272692014919
21.5577052576978,7.5148975083571,10.0961716698396
21.568216157591,7.53572673933226,10.1650153898196
21.5789139046287,7.55655146345701,10.2337722898844
21.5369867645856,7.46768188599407,9.89770879727461
21.5468886130669,7.48827903425465,9.9660340424839
21.5570497815865,7.50884805851513,10.0343516269264
21.5674343303612,7.5294333241383,10.1026558687661
21.578065528559,7.54998977474088,10.1709087993616
21.4800858189941,7.59638247182691,9.98569807015573
21.4912638587098,7.61818062663345,10.0539195389103
21.5025934909646,7.64000643486957,10.1220290117949
21.5140735219494,7.66186990621452,10.1900097383047
21.5256761560501,7.68375263897796,10.2578177112079
21.484093530982,7.58301100370858,9.92802049204828
21.4950595419361,7.60431536669622,9.99583002888628
21.5062281320619,7.62567183006453,10.0635663617334
21.5175838135039,7.64706956769211,10.1312025116291
21.5291405625513,7.66849892330641,10.1987416437483
21.4591747860934,7.68824310179485,10.022971961612
21.4710865759761,7.7107038120061,10.0911094381595
21.4831386188017,7.73321683731795,10.1590730107047
21.4953189878568,7.75575201979036,10.2268189160532
21.5075957955333,7.77831182603573,10.294323610003
21.4424317924335,7.71273379998166,9.97610696020162
21.4546684837857,7.73543111518265,10.044794813846
21.4670470398531,7.75817881040491,10.1132725877419
21.4795466919186,7.78097345680377,10.1815238517021
21.4921459189379,7.80380431106002,10.24952430774
21.4848403213574,7.76730024202376,10.1618453256491
21.4973538483796,7.78980631975922,10.2292811233263
21.5099729202583,7.81235761602335,10.2965096503861
21.5226759631204,7.83494786387335,10.3635077520171
21.5354446773522,7.85756800468001,10.4302448134793
21.5253132678906,7.72170403325864,10.1513279677745
21.5376615569019,7.74315782741652,10.2186924409835
21.5501513776935,7.76465253797344,10.2858929708965
21.5627625703818,7.78618958042403,10.3529117894103
21.5754732276633,7.80776447000789,10.4197216750988
21.4974799383816,7.8070640568261,10.187925718272
21.510327536204,7.82955858014087,10.2553061707845
21.523272768881,7.85207658488476,10.3224389180251
21.5362888376451,7.87461452504653,10.3893056390878
21.5493583240298,7.89716420214581,10.4558778225941
21.5043042992107,7.83656215471687,10.2157278125734
21.5173991324202,7.85913310425147,10.2834108897804
21.5305718812538,7.88171343251094,10.3507960365807
21.5438021251896,7.90429393913386,10.4178598830557
21.5570694553449,7.92686686452243,10.4845807214085
21.4460438605281,7.81732070959762,9.97617536554867
21.4592240381933,7.84044507789799,10.0454498388369
21.4725345351065,7.86358243034013,10.1143896900927
21.4859542489772,7.88672357473271,10.1829929152118
21.4994623802885,7.90985900050111,10.251251068992
21.4482489788422,7.75032983137146,9.82130904164007
21.4608316799945,7.77285979471553,9.89106383438257
21.4736196112506,7.7954110141861,9.96047601755096
21.4865929206445,7.8179775437252,10.0295683979789
21.4997288837496,7.84055312381196,10.0983525066824
21.4090143539647,7.69584621594947,9.56474711513137
21.4208783259616,7.71872924354402,9.63730209968799
21.4330273100315,7.74161224514418,9.7092315551734
21.4454390305605,7.76449788952437,9.78061788275911
21.458090966116,7.78738598644972,9.85152340083151
21.4298175862475,7.80309065232,9.80647781158223
21.4426949159032,7.82638574392269,9.87652136133577
21.4557676193498,7.84968851910229,9.94616827235224
21.469013839425,7.87299196682208,10.0154428122763
21.4824037851468,7.89628514636631,10.0843556111233
21.4201373568913,7.75546769114617,9.65845420670564
21.432195215393,7.77853298910217,9.72853047271512
21.4445075107598,7.80160636993601,9.79816964841994
21.4570772253488,7.82463382931063,9.86756789527661
21.4698719884661,7.84763049367961,9.93668370934593
21.3178808260739,7.72635174515165,9.31319103328942
21.3294158096765,7.75061197347202,9.38816635733928
21.3412465419685,7.77485349415643,9.46214554601444
21.353358736918,7.79907919104434,9.535279194893
21.3657358808692,7.82328604346421,9.60769650595014
21.2978013656423,7.71399703710887,9.20778407928418
21.3091101425927,7.73852493039246,9.28532802386946
21.3207301801289,7.76299817481958,9.36163219669508
21.3326464615347,7.78742133221522,9.43688705981373
21.3448403002345,7.81178955231784,9.51125968092998
21.2774731003087,7.65666792881084,9.00316488941325
21.2877518512648,7.6813388342829,9.08487968766278
21.2983608264826,7.70590152877403,9.16473511659695
21.3092892324992,7.7303787324405,9.24302217513842
21.3205261131242,7.7547852405498,9.31997877161342
21.3531632094398,7.63906247349159,9.1239480128672
21.3626359641836,7.66276778780064,9.20217855728318
21.3724664271436,7.68635040288571,9.27889539279136
21.3826368884479,7.70981875297507,9.35437821900249
21.3931344174549,7.73319595117752,9.42880313259487
21.2931618135224,7.73210879398562,9.17435057370836
21.3042758621993,7.75689823217143,9.25343049917138
21.3156962429751,7.78156844731603,9.33127815763885
21.3274002942538,7.80614836710644,9.40801832753245
21.3393732214195,7.83064443349819,9.48378229614629
21.2136997953199,7.70398465799931,8.87684902229928
21.2247360584742,7.73010162957256,8.96376056072686
21.2360719044164,7.75610546968973,9.04866994824223
21.2477029319698,7.78200595181474,9.13183429667296
21.2596195420335,7.8078105350063,9.21347210918042
21.1655818021784,7.7333515105293,8.78674274686048
21.1773428767904,7.76058496280905,8.8772710140731
21.1894055686166,7.78772343191349,8.96573934125443
21.2017571785773,7.8147525217807,9.05242112112282
21.2143893278841,7.84168356305468,9.13749271476678
21.210593533396,7.80464053689678,9.04403040342256
21.2230668813758,7.83133393253121,9.12955943032601
21.2358400535349,7.85790050279795,9.21365839007109
21.2488818840606,7.88434715831776,9.29644432326539
21.2621740193973,7.91066791803029,9.37803471044253
21.2244115693235,7.80962575346194,9.07117989433446
21.2367806066314,7.8359946497704,9.15629077859256
21.2494311082157,7.8622257604121,9.24000967536329
21.2623535415858,7.88827065248999,9.32250959618081
21.2755505463131,7.9141232294862,9.40387954748507
21.282566588531,7.79787504958409,9.17146972327349
21.2944054384212,7.8230709908225,9.25468768428267
21.3065284572531,7.84808514099097,9.33664314924481
21.318919500893,7.87292407656721,9.41744975109552
21.3315586078891,7.8975910052719,9.49720128209095
21.2904903534582,7.90058973603038,9.3888521115826
21.3035595721111,7.92591318286184,9.46987836864226
21.3168661712496,7.95105027343436,9.54988023216914
21.3303949131961,7.97599431133317,9.62892513697392
21.3440882274279,8.0007565670661,9.70703525133098
21.384872674384,8.10630066195704,9.98857684981478
21.3995216591443,8.13058363496535,10.0642846569078
21.4141797706894,8.15464514975921,10.1390901190347
21.4288093052112,8.17848201047589,10.2129948884036
21.4434418043644,8.20211490503749,10.2860260002546
21.389524324931,8.14084261948744,10.0305873482517
21.404283800362,8.16511925706474,10.1059308706002
21.4190646744021,8.18919208242498,10.1803614668121
21.4338483700274,8.21306444652654,10.2538923870382
21.4486188551713,8.23672026785259,10.3265225787249
21.3589276136722,8.04793045503075,9.76320468051853
21.3730779909378,8.07221037645901,9.84128305599122
21.3873527714317,8.09629780097005,9.91840909434837
21.4017074405277,8.12013955461597,9.99459633872503
21.4161581599734,8.14376064763796,10.0698829303415
21.289523154644,8.0861573104333,9.60808707644942
21.3043391171233,8.11234058183345,9.68977186720798
21.3192755123117,8.13829841458655,9.77030653087018
21.3343292503208,8.16404333170122,9.84973720419698
21.3494761011012,8.18957648546069,9.92809650346977
21.3490210991731,8.16717283267869,9.8881597524249
21.3641743172449,8.19231791462687,9.96630319664981
21.3793932577247,8.21725330280309,10.0434104079812
21.3946549162196,8.24198088213022,10.1195047338524
21.4099339168859,8.26650073830767,10.1946035506
21.3777511070123,8.09194942352589,9.82398218217346
21.3918558566528,8.11589166906893,9.90115374970286
21.4061091827803,8.13965739412884,9.97741527689845
21.4204893380639,8.16325176965197,10.052795908246
21.4349740349936,8.18667115053793,10.12731842198
21.3770047722931,8.12035028225285,9.8529107524092
21.3909886603884,8.1444510562272,9.92873014424203
21.4051419697858,8.16837987962384,10.0037007366105
21.4194274301757,8.19215176769554,10.0778435429818
21.4338182815029,8.21576176185716,10.1511736784404
21.2900202734229,8.05469716125931,9.47646122654617
21.3032580088206,8.08041694713301,9.55757654684277
21.3167427340262,8.10594083721246,9.63756681988278
21.3304364075039,8.13127394359482,9.71648329060782
21.3443408629589,8.15643821594657,9.79439222786156
21.2623340932881,8.01468015161857,9.30757951800254
21.2747460289552,8.04078201206114,9.39074150915922
21.2874605929281,8.06670853908257,9.47267016363504
21.3004639779921,8.09246014312457,9.55344504720138
21.3137395003164,8.11803754141662,9.63313156783736
21.3759846693455,8.00318402955357,9.55734051273749
21.3877920007767,8.02685811232585,9.63603234592185
21.3999039722423,8.05035897421205,9.71374897349648
21.4122989324785,8.07369827518076,9.79054789055523
21.4249579146773,8.09687999133488,9.86647210884737
21.3635691779236,7.99659439351007,9.48875203109799
21.37488747137,8.02064076933843,9.56804712603436
21.3865294618798,8.04451539646012,9.64632609953068
21.3984747535273,8.06822956455648,9.72365224149306
21.4107022996114,8.09179260567344,9.8000781116279
21.5026248288397,8.13950181752257,10.1250958431929
21.5156060666329,8.16146434336766,10.1967598015176
21.5287607131439,8.1833230958817,10.2677730122018
21.542067811462,8.20508193639366,10.3381455683817
21.5555072860768,8.22674384159087,10.4078841815371
21.4784310989909,8.1795001534629,10.1165717326825
21.4915376431384,8.20216517964572,10.1886242004884
21.5048041405189,8.22471172008505,10.2599588205742
21.5182093934952,8.24714234527843,10.3305877832153
21.5317314711674,8.26945853785298,10.4005192013443
21.4668560142556,8.33941604129458,10.333817143919
21.4808197247205,8.36319231341838,10.4037772905097
21.4948416501065,8.3868153977057,10.4729683099974
21.5089045560817,8.41028439380581,10.5413999551538
21.5230020899326,8.43358896750131,10.6090770517602
21.4336362824855,8.22627383101081,10.0307232226138
21.4468480302742,8.25020276097469,10.1046460723898
21.460230776192,8.2739811161974,10.1777210112673
21.4737608956465,8.29760987009721,10.2499664080551
21.4874155338319,8.32108967155142,10.3213979052987
21.3819567163358,8.20637476768433,9.8266029084278
21.3949639670136,8.23149098158901,9.90455180509877
21.4081980766012,8.2564267139021,9.9814895786409
21.4216316153666,8.28118257627483,10.0574424378989
21.4352344165914,8.30575636607153,10.1324289056752
21.3748197352221,8.24820683641132,9.85769041345004
21.3880083303315,8.27380404885963,9.93522146270204
21.401412538339,8.29921878228366,10.0117565247044
21.4150050899836,8.32444892697332,10.0873182336374
21.4287590998814,8.34949202475991,10.1619264571047
21.2801707821077,8.40476302960393,9.79491318209863
21.294597433212,8.43437927611487,9.87479258562299
21.3091859230306,8.46371369647872,9.95348533793976
21.3239078209498,8.49275302741965,10.0310140086817
21.3387364855513,8.52148496296031,10.1074002092699
21.3503969547065,8.60189692797286,10.2233369246086
21.3653735778578,8.63056486639737,10.2963292889097
21.3803725397669,8.65886022095783,10.3682654452449
21.3953743286788,8.68677551054043,10.4391664243918
21.4103622825369,8.71430658388388,10.5090556448822
21.3821546198598,8.51686973586133,10.2101150355431
21.396791796578,8.5439328775808,10.283173682862
21.4114999701495,8.57071271767098,10.3552861924506
21.4262554558502,8.59719928785763,10.4264732423865
21.4410380587374,8.62338131776017,10.4967607685075
21.384866942581,8.59586074938001,10.2952182171485
21.3998044569621,8.62313412406125,10.3676771949773
21.4147836207109,8.65005360097858,10.4391939918237
21.4297804048502,8.67662267267798,10.5097645457139
21.4447962949288,8.70277842581064,10.5794781336579
21.3891224425672,8.6301913605908,10.3317168687528
21.4042520160844,8.65727135474644,10.4043609897567
21.4194065562171,8.6839651553729,10.4760320517611
21.4345847582785,8.71024328345732,10.5467563997903
21.4497501289569,8.73613263242594,10.6165203284172
21.3458040155584,8.66438387287631,10.2223966494565
21.3613576651467,8.69268751414137,10.2979594853209
21.3769441691111,8.72054610994791,10.3723951784542
21.3925342954199,8.74793397075625,10.4457441220947
21.4081145039318,8.77485972439212,10.5180055043618
21.4320486092012,8.69843147615863,10.5185241277614
21.4475520458904,8.72370437533377,10.5905846261327
21.4630215648556,8.74852736241107,10.6616064452711
21.4784356837786,8.77291727482801,10.7316043729433
21.4937607416074,8.79691162218786,10.8005692514757
21.4198741133885,8.67640684612523,10.4171894989649
21.4352162004118,8.70230562401485,10.490051416749
21.4505565766819,8.72772894785781,10.561986478732
21.4659095182946,8.75273108193138,10.6329654100549
21.4812404350906,8.77734180409992,10.702976158393
21.4999430529819,8.63464806915287,10.5704567133806
21.5149582774918,8.65833468746104,10.641683780043
21.5299610901692,8.68167291182422,10.7120399101642
21.5449253830677,8.70466903404683,10.7815146165562
21.5598746730187,8.72734366297617,10.8501159506628
21.4397858274001,8.63548945395211,10.371750414305
21.4544923942547,8.66078638349231,10.4448141032032
21.4692922386719,8.68571677608205,10.5169958089004
21.4841792041098,8.71025797068788,10.5883054408277
21.4990896566086,8.73441106767985,10.6587207798279
21.3649913700682,8.63476684900825,10.1460745276997
21.3794303646927,8.66200631099378,10.2223663521454
21.3940183889094,8.68884125400145,10.2976680521604
21.4087087815953,8.71523644998386,10.3719902170646
21.4234932781867,8.74121432377311,10.4453245159134
21.3744688862641,8.76648280429515,10.3335523443708
21.3895227583793,8.79344556800907,10.4079440588799
21.4046415958177,8.81995380587162,10.4812425379254
21.4198028716961,8.84601166972528,10.5534592504588
21.4349863102163,8.87162533763331,10.6246081168968
21.3807683172149,8.62090306478584,10.1457005154542
21.3948434296921,8.64730971018547,10.2226456996709
21.4091042275302,8.67334309002187,10.2986107175101
21.4235212438618,8.69900255661256,10.3735919500888
21.4380667985916,8.7242893099987,10.4475873393052
21.457694781502,8.69081496861052,10.4397265268521
21.4720252856604,8.71543214814209,10.5123527287837
21.4864644968234,8.73970956833279,10.5840816376657
21.5009899648743,8.76365244236807,10.65491291215
21.5155672523722,8.7872554874313,10.7248419787071
21.4698410142534,8.59313271108671,10.2831778769683
21.4830089623955,8.61760438594568,10.3571279766812
21.4963861524564,8.6417722874425,10.4302816773096
21.5099449563759,8.66563893255724,10.5026295808727
21.523639432704,8.68918106609838,10.574154836639
21.4527290013594,8.61275435432869,10.2611540907245
21.4656912798272,8.63742346812227,10.3356432072877
21.4788743456825,8.66176193879594,10.4092672724568
21.4922506760508,8.68579104731187,10.4820243685605
21.5057921144556,8.70951752012612,10.5539095694386
21.5435736747097,8.45908059601791,10.1208530289801
21.5540586614205,8.4827431998954,10.1950977106082
21.5649008424485,8.50614837904252,10.26871885249
21.5760715259443,8.52930078771051,10.3417037431617
21.5875431280116,8.55220534580246,10.4140388711062
21.5873691292143,8.51069501977436,10.3130407736133
21.5983455343652,8.53358588821702,10.3854120392464
21.6096166090613,8.55623653902418,10.4571392221888
21.6211597069921,8.5786534028054,10.5282113491921
21.6329505555958,8.60084256904995,10.5986164852926
21.6148660404887,8.55060054289313,10.4306864894256
21.6259239929239,8.57317486716566,10.5016008870723
21.6372527463161,8.59552211679828,10.5718717221533
21.6488287142537,8.61764850070236,10.6414875111079
21.6606293678482,8.63956065478525,10.7104382320375
21.6632344721074,8.56258963750848,10.5281143853372
21.6740471632627,8.58469761950723,10.5978283347388
21.6851227533991,8.60659682147644,10.6669201247781
21.6964368348754,8.62829347851917,10.7353783892135
21.707963316467,8.64979340683856,10.8031923245965
21.6812338362075,8.55871845036972,10.5251867590322
21.6913970383653,8.58082713905293,10.5945951400945
21.7018442984877,8.60273005613304,10.6633848833195
21.7125541354974,8.62443375396919,10.7315460984939
21.7235049683182,8.64594561283671,10.799070400186
21.7260335606647,8.67889414039198,10.8606645453514
21.7374493298049,8.70022580253497,10.926810091989
21.7490495012221,8.72138323746964,10.9923114293856
21.7608007464507,8.74236227555895,11.0571523997291
21.772700718371,8.76317978278191,11.1213440940765
21.6351853316386,8.63869455574476,10.5227530031354
21.6448304542218,8.66175620519271,10.5913523291951
21.6547775224099,8.68459002994572,10.6592779961405
21.6650045261222,8.70720198323054,10.7265276007595
21.6754903005062,8.72959830462532,10.7930998633776
21.6570874121183,8.61715594409089,10.4957383609068
21.6659477150098,8.64014634407605,10.5645143377414
21.6751427946095,8.66291194737537,10.6326219301108
21.6846503825826,8.68545934705829,10.7000572904596
21.6944470751664,8.70779581875679,10.7668177401696
21.6739112701649,8.66499331302941,10.5973504100238
21.6829194242451,8.68787323764957,10.6648162311595
21.6922417431082,8.71053755178596,10.7316212378657
21.7018568136207,8.73299210383271,10.7977648365893
21.7117296586023,8.75522807670112,10.8632313321659
21.8035426862987,8.54995423346361,10.5157283307228
21.8103119879766,8.57237596678267,10.5835581471145
21.817491110146,8.5945996703243,10.6508350344556
21.8250495302165,8.61664497245386,10.7175591257293
21.8329658090764,8.6385181959211,10.7837243043877
21.7817462716926,8.61539151736322,10.6436070873117
21.7892502600702,8.63755631645514,10.7103867257061
21.7971102464164,8.65953785252858,10.7765437720716
21.8053053306008,8.68134294038759,10.8420769731365
21.8138144743528,8.70297810214117,10.9069858165295
21.8030507861931,8.77648329739168,11.0307916897608
21.8126466318049,8.79794197362099,11.0936636651459
21.822470201922,8.81923770877312,11.1559176822634
21.8325095044024,8.84038314604905,11.2175684736472
21.8427486126662,8.86138340917507,11.2786226814888
21.6751042452251,8.81569376834498,10.7745963858734
21.6835795822429,8.83905918083339,10.8393222692651
21.6923590289199,8.86218552081201,10.9033419272695
21.7014228613776,8.88507823199136,10.9666666268237
21.7107523463,8.90774300667332,11.0293075570587
21.7065449270995,8.6627549545734,10.4517821271915
21.7119331686056,8.68696972958161,10.5203665389007
21.7177798831117,8.71093715836761,10.5881962287003
21.7240546118631,8.73466211447861,10.6552792890598
21.7307394841879,8.75814750917002,10.7216231734672
21.9458905076018,8.38918975037205,10.0483395211827
21.9444293723451,8.41392006207536,10.1199926270982
21.9436619204128,8.43837173638059,10.1909450740923
21.9435591911258,8.46256174019024,10.2612242996906
21.9440941846515,8.48650431809223,10.3308509454974
22.0763933697838,8.40062607665025,10.2538791390842
22.0754996406368,8.42436045732766,10.3229180834129
22.0752294093248,8.44786425344167,10.3914034730396
22.0755585735361,8.47115126732517,10.4593450584258
22.0764645397484,8.49423227815319,10.526749031721
22.0626482426968,8.61806126726456,10.8996133311655
22.0675110480012,8.63973437915665,10.9637310597095
22.0727664052242,8.66126256056736,11.0272993418511
22.0783995583699,8.68264864943236,11.0903155828512
22.0843920707425,8.70389182533211,11.1527737758671
22.0257188526593,8.68012731043443,10.9459675059539
22.0307118921053,8.7021437877146,11.0092507756837
22.0360945099363,8.72400088175252,11.0719728001104
22.0418462502195,8.74570391398016,11.1341326901716
22.0479438734638,8.76725680022501,11.1957317185612
22.1407886934755,8.70219366793094,11.2089139179028
22.1465950918913,8.72314532906662,11.2704171633844
22.1527214293945,8.74396532758985,11.3313948343989
22.1591472125021,8.76465775221653,11.3918305344936
22.1658613609948,8.78523294113773,11.451727858761
22.1462611029119,8.61356893718814,10.851743547438
22.1484846785842,8.63609945347108,10.916223340311
22.1511953129836,8.65843681375204,10.9801092812593
22.1543552068808,8.68059682472065,11.043424045503
22.157944562548,8.70258264896544,11.1061760028665
22.0887258690004,8.66025345595998,10.8555762531027
22.0908599258053,8.68313237898999,10.9198789894839
22.0934885591407,8.70580466568834,10.9835346885013
22.0965964020293,8.72826475422267,11.0465639417318
22.1001515792297,8.75052917857845,11.1089655672998
22.0953600236956,8.69758348802923,10.8474105569115
22.0968711922737,8.72126516613882,10.9116595256791
22.0988991270924,8.74471935808634,10.9752745155414
22.1014139551798,8.76794210238488,11.0382867626364
22.1043908580341,8.79093780887897,11.1007048602535
22.3306938380154,8.61464449172253,11.0065460458465
22.3317644055312,8.63692312866108,11.070390047687
22.3332941294919,8.65899887241516,11.1336878307216
22.3352692365247,8.68088935257888,11.1964123767811
22.337657991872,8.70259676325225,11.258565813095
22.4235124116457,8.59021852102348,10.9762347521669
22.423193036987,8.61296279425717,11.0405864313447
22.4233483895897,8.63550127827357,11.1043976629119
22.4239704279079,8.65784408596263,11.1676499619112
22.4250374672329,8.67999501521802,11.2303469022114
22.4310198675569,8.61153765035145,11.0116704291112
22.4304043267148,8.63433425045253,11.0756960942727
22.4302644704683,8.6569144263263,11.1391412781183
22.4305965091476,8.67928192533003,11.2020083293346
22.4313825431357,8.70142984007125,11.2643186176866
22.3982000011729,8.69299441815951,11.1308443528867
22.3982613400027,8.71580917389317,11.1936301310601
22.3987649872566,8.73838627912114,11.2558361494626
22.399704923601,8.76073983999825,11.317450187361
22.4010774751533,8.78287709109235,11.378478778438
22.532126875029,8.67750392807133,11.2068441836986
22.5315476402981,8.7002113528261,11.2695850355993
22.5314079977047,8.72270323391847,11.3317534846216
22.5316765936559,8.74497858238921,11.3933568684433
22.5323538672641,8.76704345143257,11.4543874105189
23.0025722718662,8.37446356129271,10.7995058124918
22.9964785290175,8.3983305263465,10.8663766006139
22.9908116569994,8.42197626892813,10.9327842354788
22.9855710753062,8.44540755421113,10.9987157098537
22.9807506871399,8.46862969634599,11.064159297277
23.1438959073997,8.43890860782987,11.2336121744849
23.1401844210552,8.46092552914518,11.2980331385517
23.1367810469061,8.48275477672934,11.3619632982498
23.1336663582022,8.50440459570985,11.4253813865732
23.1308786888489,8.52588881186577,11.4882829583588
23.2157545495208,8.47654451641311,11.4318135593192
23.2125674735058,8.49796300205625,11.4948094050374
23.2096870013826,8.51922970606116,11.5572580262988
23.2071130648057,8.54035245376295,11.6191500372957
23.2048419678382,8.56133859400061,11.6804785486931
23.1297051078667,8.45187076346317,11.0691734544702
23.1236912766621,8.47530982899835,11.1338189020325
23.1180763435692,8.49853730446208,11.1979064906309
23.1128499089535,8.5215576118722,11.2614261822141
23.1080187088312,8.54437778742316,11.3243725125893
23.0517092212757,8.60962950975893,11.5032079434232
23.0487025747371,8.63142519756731,11.5636814283989
23.0460675978656,8.65305053379226,11.6235524940296
23.0437945988328,8.67451323788876,11.6828260504763
23.0418819239179,8.69582093888433,11.7415043197015
22.8777172934451,8.78056352815031,11.6644972005441
22.8760293933107,8.80265151089267,11.7227242661249
22.8747501551239,8.82455345356793,11.7803482746438
22.8738350162067,8.84626606618455,11.8373747422926
22.8732876011609,8.86778917003312,11.8938084621468
22.9092830409379,8.78324884138147,11.6246509728741
22.906458550973,8.80582814535951,11.6833685052501
22.9040843042532,8.82820351988119,11.7414443160483
22.9021353683092,8.85037579282598,11.7988873941679
22.9006135356917,8.87233916401391,11.8557009976411
22.7437434791478,8.78265270593587,11.1989027446109
22.7361409872608,8.80871943203334,11.2629980618478
22.7292249293826,8.83440066596554,11.3261419062346
22.7229717980586,8.85970792098495,11.3883620591976
22.7173647860764,8.88464979401127,11.4496845800923
22.7119594953776,8.72620324813382,10.7976134632008
22.6982074540386,8.75692326716993,10.8707197938778
22.6853674821245,8.78706703209398,10.9423944371366
22.6734290900171,8.81664318803402,11.01268347448
22.6623784649115,8.84566302601768,11.0816357622518
22.5455659970257,8.8252824303079,10.7674214602028
22.5304713713706,8.85801658919387,10.8443870596099
22.516509936108,8.88997827459763,10.9194327623252
22.5036512638661,8.92118973212265,10.9926454847853
22.4918643425697,8.95167424930777,11.0641106085068
22.3076998820566,9.12073850587172,11.2829813643718
22.3010021166035,9.14831201798453,11.3475154293809
22.2952533749183,9.17522316676869,11.410574656042
22.290415009931,9.20148633569336,11.4722580519465
22.2864477068149,9.22712326092817,11.5326449137285
22.1277827795371,9.33728348250228,11.295369175335
22.1215501641008,9.36606088682925,11.3611215894105
22.116418630219,9.393899092692,11.4250745366028
22.1123230874315,9.42085566930558,11.4873629710005
22.1091974309778,9.44699079387314,11.5481081726864
21.9535879824009,9.60743039839495,11.3043305009015
21.9483383540009,9.63678078743642,11.3716773653197
21.9443122755964,9.66484024378291,11.4367580414279
21.9414133713405,9.69170847886154,11.4997725975326
21.9395521240051,9.71744707923411,11.5609113365876
22.0919539436334,9.46446609968349,11.3328156377645
22.0857232936022,9.49399585729716,11.4010325702668
22.0806542785903,9.52242822479612,11.4671367063893
22.0766855558065,9.54983526038812,11.5313055087297
22.0737465926789,9.57629138511653,11.5936859289728
22.0368287379501,9.5198576519445,11.5425672348264
22.0343050864248,9.54570195244463,11.6047601807425
22.032721101183,9.57069379432033,11.665241686306
22.0320117644128,9.59488847416449,11.7241560227662
22.0321328463449,9.61832148104184,11.7816382337884
21.9120620176541,9.84725664527948,11.9309722863523
21.9160550613606,9.86688983845737,11.9821966311322
21.9205971411632,9.88602152514755,12.0325085927164
21.9256500376891,9.90467687254411,12.0820064705965
21.931176279175,9.92288935459078,12.1307696414606
22.0647181026927,9.51918174299548,11.5104849159477
22.0605966546612,9.54665448602757,11.578242551008
22.0575474777214,9.57314186464514,11.6438028560447
22.055471461138,9.59873189430408,11.7073291451904
22.0542994539447,9.62348536957273,11.7689758869185
22.0344048680886,9.58579666843422,11.619546376143
22.0320017901121,9.61185761946687,11.6849615397893
22.0305532811724,9.6370184892843,11.7482615176299
22.0300199202645,9.66130037656841,11.809668550607
22.0303160463477,9.68479835474486,11.8693533988206
22.185411495283,9.34643468421298,11.0664360422469
22.1727039593671,9.38250466786153,11.1583478383786
22.1616362315718,9.41700718908601,11.2463327407486
22.1521044048801,9.45004319458654,11.3306741827269
22.1440075679873,9.48171217699271,11.4116418393904
22.0593831699347,9.60979936415534,11.2705085108278
22.0513230557495,9.64347581392282,11.3562203045562
22.0447031305652,9.67553391773594,11.4382397677824
22.0394310086673,9.70610796144432,11.5168647446463
22.0354074199243,9.73530543866124,11.5923754246532
22.0047443804898,9.74424080982135,11.3337468754692
21.9986852037217,9.77693502480096,11.4189181434522
21.9940114336891,9.80796192781394,11.5003715729321
21.9906182114742,9.83742933177704,11.5784345338535
21.9883990152155,9.86546343133096,11.6533997937517
22.0791764782129,9.63645100530693,11.4947073377358
22.0747773339017,9.66610945382386,11.5738355806647
22.0715241595058,9.69450937241647,11.6499702970951
22.0693356385651,9.72175816191218,11.7233306069212
22.068131541496,9.74795422106029,11.7941124763605
21.936905641047,9.98405751895887,11.9556032824363
21.9400729201715,10.0055564647509,12.0172526177727
21.9438792412709,10.0262688431846,12.077143797171
21.9482648420679,10.0462549147235,12.1354263260712
21.9531733960425,10.0655806947513,12.1922297691474
22.00971753245,9.90255181152565,11.8222730954609
22.0105986457777,9.92712899860234,11.892228471465
22.0122874174483,9.95072023960352,11.9598581083305
22.0147235069229,9.97340182549291,12.0253662584982
22.0178395930226,9.99526490359443,12.088915112376
22.1650032234971,9.67954036088476,11.4846321989401
22.1604106219819,9.71049177141979,11.5708678221519
22.1569476480881,9.74012456117242,11.6538974180828
22.1544980297097,9.76855742324236,11.7339156945704
22.1530053330131,9.79583289137195,11.8111186217299
22.1322800019678,9.7980638972616,11.6894166489133
22.130794679132,9.82579600355001,11.768918027201
22.1302204778641,9.8524188958877,11.8456621585668
22.1305030646113,9.87799945988142,11.9198434091508
22.1315784542359,9.90261088302021,11.9916318827826
22.3048417674496,9.57627975356417,11.523635005262
22.2999393641567,9.60657866140571,11.6104831760374
22.2960613378094,9.63577834363109,11.6943798628829
22.2931462216581,9.66395012211698,11.7755028072105
22.2911331133861,9.6911626667375,11.8540237430316
22.3261153986866,9.55753673009556,10.9371719619985
22.3164481157441,9.59670443171122,11.0457049346353
22.3081570988587,9.63418158558739,11.1505732875099
22.3011567959629,9.6700664942993,11.2519272713089
22.2953565588746,9.70443836363363,11.349930702424
22.4581054085001,9.30898282675426,10.149545140501
22.4417004243994,9.357730585292,10.2762667260742
22.4268969544744,9.40457731994464,10.399560350156
22.4136266899735,9.44959644799396,10.5195004925038
22.4018397360732,9.49282540369367,10.6361342647366
22.5795541557253,9.13199858060117,9.77981668581655
22.5613439635216,9.18217032871589,9.90727767391024
22.5445700405159,9.2307199304942,10.0320121848612
22.5292172141931,9.27766254465155,10.1540481181969
22.5152542310726,9.32301585416046,10.2734051532729
22.5298706003487,9.38251953359135,10.5546494581376
22.5196713437404,9.42283710436323,10.6650703112903
22.5106308735795,9.46178713424338,10.7729423484729
22.5027030651772,9.49941468244406,10.8782892228322
22.4958414139109,9.53576181632137,10.9811454537099
22.7833143381093,9.10768629336394,10.15544233487
22.7707981763769,9.14909425296305,10.2655175498567
22.7591774831621,9.18946382696572,10.3738361642664
22.748457129477,9.22878494562906,10.480380360332
22.738622421898,9.26708147651524,10.5851258750181
22.6905265945926,9.34141817718144,10.7409761532756
22.6828830901703,9.3772892751674,10.8417130537654
22.676092514431,9.41217150872679,10.940509150605
22.6701289653049,9.4460960231555,11.0373695417055
22.6649670473724,9.47909023700131,11.1323067750207
22.6272184195716,9.48248049814559,11.0847313040772
22.6229217485188,9.51449479616701,11.1784567794823
22.6193984932258,9.54561661664921,11.2702300117356
22.6166117867072,9.57589070792644,11.3600718168269
22.6145261391963,9.60535680119563,11.4480085284777
22.775453191536,9.28479012003007,10.7908907943151
22.7690098856991,9.31769241232247,10.8871146116221
22.763287747566,9.34979240941928,10.9815958072122
22.7582670601919,9.38111427494663,11.0743318745039
22.7539124734963,9.41168303557403,11.1653026946449
22.7510382212246,9.46155397819766,11.1790359449142
22.7477527497842,9.49177945182756,11.2681820955134
22.7451043397019,9.52127824448902,11.355658827076
22.743071785492,9.5500830322658,11.4414837408831
22.7416231490365,9.57821305911797,11.5256843522287
22.6326240618529,9.61788093161639,11.2405851482308
22.6314628318517,9.64701070456631,11.327935116541
22.6309516107741,9.67536895673739,11.4135949675208
22.6310625212423,9.70298048066075,11.4975932557773
22.6317634363608,9.72989118187136,11.5799992824673
22.7217087083644,9.5105036444199,10.944656284161
22.7187988566398,9.54165064162875,11.0349898914592
22.7165847570266,9.57196976974686,11.1237454732535
22.7150480296374,9.60149509667836,11.2109588931704
22.7141529133585,9.63026094931135,11.2966513784136
22.7278588840074,9.49719093833024,10.8583738174667
22.7249517672459,9.52820068085496,10.9482705045228
22.7227680825004,9.55837307286168,11.0366392130342
22.7212760613273,9.58774380519647,11.1235015840052
22.7204338535327,9.61635423720273,11.2088763545277
22.9394121003481,9.2898274524748,10.5662709966686
22.9345268058959,9.32229649078421,10.6568447168426
22.930271113358,9.35401553627603,10.7461488084
22.9266238752924,9.38500188239841,10.8341874049852
22.9235577166929,9.41527835862033,10.9209738421624
22.8873912517799,9.41866624614523,10.6719479214928
22.8840209799437,9.45050393608565,10.7599288011003
22.8812980880886,9.48155501860356,10.8466339169118
22.879197938974,9.51183030556663,10.9320848224124
22.8777171827936,9.54135620409274,11.0163094580175
22.7768066233272,9.69212049128825,11.1920922886264
22.7778943621508,9.71937848425745,11.2727225475356
22.779542215104,9.74596292862324,11.3521483890481
22.7817200813539,9.77190816749627,11.4303959179872
22.784395363673,9.79725585229606,11.5074747839254
22.660724976847,9.80456457983892,10.9568652037441
22.6623042438551,9.83267001634884,11.0375908678895
22.6645947521733,9.85990237582004,11.1170655448184
22.6675494984367,9.88631650947762,11.1953398612946
22.6711156924273,9.91196112259551,11.2724594829279
22.9280673218862,9.46793353082206,10.5031350320059
22.9252157151246,9.50042643861035,10.5878200396416
22.9230772373871,9.5320337929013,10.671257415293
22.92158841709,9.56280278929953,10.753457082439
22.9207570016769,9.5927582282688,10.8344756468945
23.0165179604427,9.39833022714469,10.4207197515001
23.0133610185215,9.43086965354623,10.5041946392534
23.0108343697751,9.46256332408371,10.5865115160329
23.0089471676365,9.49345028116739,10.6676842915214
23.0076703283258,9.52356551048916,10.7477217467747
22.7616724796989,9.84504594187749,11.1344512933714
22.765177693341,9.87016539909913,11.2080791654358
22.7692356439896,9.89459697011722,11.2806537740649
22.773813105799,9.91837770697139,11.3522159921954
22.7788807004691,9.94155321559668,11.4228063934519
23.1029044379634,9.39292771096061,10.6087871013936
23.1011643538296,9.42224271450564,10.6878285386902
23.0999560074502,9.45088624142569,10.7657677797403
23.0992648572922,9.47888011830063,10.8426235004193
23.0990713186589,9.50624723061921,10.9184186280242
23.113885255463,9.46506999903874,10.8016271199586
23.1135148055149,9.49260726206807,10.8774060212997
23.113613074746,9.5195433342512,10.9521198455148
23.1141760729795,9.54589162019466,11.0258070767983
23.1151844703826,9.57168315053106,11.0984754015098
23.307458102649,9.43881243151486,11.1288130410632
23.3083170933002,9.46384410481045,11.1997801914058
23.3094878682269,9.4884584933364,11.2699223944311
23.3109573659597,9.51267005615737,11.3392366503617
23.3127287781258,9.53649762811764,11.4077284641851
23.5039900132728,9.16687492267382,10.6368538101457
23.503222025771,9.19340507647407,10.7096951573729
23.5026871599957,9.21954097801029,10.7818026163902
23.5023934411276,9.24529036967469,10.8531730399987
23.5023442542965,9.27064449445972,10.9238074686847
23.4360103183051,9.35411859133704,11.0513178253322
23.4367097382621,9.37850996549795,11.1202797943877
23.4376898713588,9.4025281139064,11.1884375397069
23.4389458620444,9.42618805930614,11.255789724905
23.4404702424437,9.44950282870885,11.3223423313513
23.6685297312764,9.22432677968747,11.1491290974587
23.6694650169636,9.24731594596866,11.2150436280467
23.6705700404972,9.27005519189964,11.2802995941139
23.6718437852536,9.29255173870461,11.3448931576688
23.6732871933849,9.31481210965876,11.4088238419436
23.6259750211289,9.2926181453441,11.1301974655207
23.6270441591178,9.31600233414558,11.195951677099
23.6283084414961,9.33909952332578,11.2610002160136
23.6297628178894,9.36191502015057,11.3253611599944
23.6314119514182,9.38445858131242,11.3890313953876
23.6238804047684,9.35731048278089,11.2258823089447
23.6253537055586,9.38034639760837,11.2902231208795
23.6270305555781,9.40309776772196,11.3538516118009
23.6288925708725,9.4255693990753,11.4167963232679
23.6309364259392,9.44776872945418,11.4790547989014
23.5695119229476,9.355919832639,11.0574149488208
23.5706783472039,9.37948584040347,11.1229342223043
23.5720930750697,9.40270483932862,11.1876172230114
23.5737585887402,9.42558304659815,11.2514810458973
23.5756518867743,9.44813074561275,11.3145540627215
23.7616372875212,9.22800127324721,11.0843439943967
23.7630299975158,9.25042751278079,11.1476596517841
23.76457020631,9.27260516990926,11.2102761927242
23.7662564061898,9.29453187380506,11.2721976400518
23.7680888737774,9.31621203983604,11.3334271050003
23.9240057449513,9.11036581643117,11.058545108484
23.9256024092383,9.13199007696476,11.1202149861321
23.9272994039486,9.15341922840824,11.1812964179165
23.9291002452767,9.17465899771408,11.2417867459238
23.9310065178197,9.19571515526054,11.3016850491378
23.84637754959,9.21031420354295,11.0710071536816
23.8480102387532,9.2324559984846,11.1328478741616
23.8497818390777,9.25435838889008,11.1940145067942
23.8516821116779,9.27601939371855,11.2545309293566
23.8537206395913,9.29745434999502,11.3143795242406
23.870698544719,9.28824192541895,11.3316735058986
23.8729410652842,9.30922791396169,11.3904329525124
23.8753136064258,9.32999396384056,11.4485452137892
23.877803763284,9.35056437712753,11.5060309652493
23.8804255383827,9.37094447755554,11.5628838600583
23.9387082306827,9.31041486085043,11.4620440275323
23.9411355782808,9.3309963853099,11.5192618562943
23.94367082414,9.35139540561571,11.5758804917857
23.9463106982277,9.37161882482184,11.6319052008378
23.9490471935942,9.39166845251116,11.6873661436392
23.9731491665365,9.22304783392041,11.0310050095917
23.9748438238522,9.24576941583656,11.0919712061214
23.9766517816135,9.26824639982541,11.1523164628342
23.9785658043516,9.29046734865502,11.2120329125777
23.9806016783336,9.31245482352093,11.2711248412679
23.9567675241094,9.31775704685395,11.2739662392241
23.9590560233098,9.33918274346678,11.3320620125836
23.9614477223512,9.36037746592544,11.3895364138241
23.963936987528,9.38134730711991,11.4463930014105
23.966545571289,9.40210625619213,11.5026134087678
24.0182893252092,9.36579659394947,11.5482385904557
24.0210372889898,9.38596026102706,11.6031022983041
24.0238932569025,9.40595277719136,11.6573838663999
24.0268485079391,9.42577328012265,11.7110848292173
24.029912604837,9.44543347464317,11.7642210604448
24.136218716189,9.16135159078026,11.0643421554772
24.1382898816207,9.18301461180352,11.1227351495142
24.1404461256154,9.20447367205658,11.1805742150271
24.1426817740627,9.22573531258986,11.2378621874946
24.14499135594,9.24679709447274,11.2946093996033
24.1066504126054,9.15333795875082,10.750013812151
24.1083510620126,9.17713715379291,10.8113971371392
24.1101412503573,9.20066928568819,10.8721470859637
24.1120245842339,9.22393803791278,10.9322645701633
24.1140058013599,9.24694723061449,10.9917515363147
24.1205644543425,9.04677870365751,10.4802567843767
24.1222730746165,9.07104591445052,10.5436838140506
24.1240547231266,9.0950344403774,10.6064109418193
24.1259145170898,9.11874868138204,10.6684428888926
24.1278564892027,9.14219319186746,10.729783901824
24.1538846371091,9.07750657713304,10.6473985539757
24.1559483914133,9.10047725107454,10.7083288317011
24.1580828701383,9.12320094129687,10.7685913679569
24.1602923775682,9.1456808862237,10.8281890552341
24.1625805784941,9.16792212818519,10.8871263786849
24.0285812868103,9.36354988718952,11.071207031961
24.0312558939573,9.38558590347221,11.1289108885726
24.0340678355074,9.4073298125321,11.1858111588073
24.0370140889187,9.42879214507351,11.2419257756654
24.0400739237868,9.44997894246865,11.2973226953184
23.9464968610316,9.59440980425167,11.4036269452564
23.950217347804,9.61512797998699,11.4573808315728
23.9540848441747,9.63554283613404,11.5103727969783
23.9580990813678,9.65566305356508,11.562630646512
23.9622438791532,9.67548944692642,11.6141683298247
24.0077231821592,9.4528965196427,11.019494829713
24.0103327912889,9.47599105369281,11.0789203384788
24.0130917677224,9.49872185396572,11.1374106425332
24.0160048042541,9.52109151163736,11.1949873732162
24.0190757287868,9.5431073695371,11.2516772187842
24.0136903621041,9.35915873230446,10.6401158763953
24.0154921942396,9.38511246625816,10.7061129604117
24.0174606684012,9.41059485144867,10.7709523094493
24.0195867521637,9.43561734522556,10.8346620615092
24.0218697798641,9.46016998208839,10.897295939282
24.0407866118127,9.47780690856422,11.0919484640301
24.0436969716595,9.50004166648958,11.1499795648415
24.0467522780025,9.52192250699535,11.2070830685428
24.0499473656921,9.54346077936306,11.2632848642215
24.0532815415616,9.5646685301096,11.3186223459007
24.0207000694095,9.58732196604005,11.2818238215463
24.0241690542661,9.60849302906005,11.3370991776737
24.0277750194919,9.62933713076655,11.391482121644
24.0315230907718,9.64985112491943,11.4450101582277
24.03537251804,9.67004190561558,11.4977353981113
24.1109587534124,9.67391344111613,11.7812861724734
24.1152377091852,9.69232307947403,11.8292550624988
24.1195986050739,9.7105389370498,11.8766690777566
24.1240189001652,9.72858145267788,11.9235650242698
24.1284879360642,9.74644463954554,11.9698994404257
24.0728366474903,9.75564169453064,11.7149976736334
24.0770716942582,9.77447870119687,11.7640180900075
24.0813670047875,9.7930643793584,11.8123905371419
24.0857473573983,9.81139795987786,11.8601547710345
24.0902063341089,9.82950975767731,11.9073035459756
24.1359396974916,9.61345208596932,11.4392705537976
24.1391915096011,9.63372144160036,11.49228136417
24.1425675081662,9.65369603241484,11.5444880838582
24.1460670660921,9.67338806780768,11.5959173807456
24.1496788366631,9.69281695062191,11.6466018702135
24.2293735677576,9.56772654098237,11.6241773288424
24.2327344948755,9.58668406619995,11.6741510171139
24.2361778384317,9.60544591868195,11.7234810987605
24.2396813592951,9.62403807736901,11.7722163191842
24.2432618923618,9.64245801235027,11.8203576766969
24.1911988865916,9.75513708772993,11.8787199306225
24.1952352877285,9.7732363096845,11.9256071885504
24.1993708903568,9.79114547941354,11.9719180768184
24.2036034278636,9.8088718900244,12.0176760277924
24.2079190972831,9.82643054401335,12.0629133124228
24.3445667691546,9.5911633738443,11.9207860655129
24.3480681167725,9.60923483992957,11.9678049793141
24.3516398789705,9.62717199145498,12.0143208214225
24.3552698481281,9.64495655198285,12.0603679858907
24.3589535909324,9.6625831246197,12.1059565390419
24.364585224297,9.72114740383012,12.2678117203411
24.3685797864942,9.73832433879756,12.311557602695
24.3726440483152,9.75540262028901,12.3548867894775
24.3767805239599,9.77238327824975,12.3978094836088
24.3809837259308,9.78927492966548,12.440345325131
24.3837096503889,9.68426672996004,12.0969659654947
24.3874408886083,9.70189424076267,12.142154376363
24.3912450781915,9.71939864935501,12.1868685233604
24.3951220669429,9.73677969074355,12.2311340205916
24.3990729227386,9.75404589980059,12.2749536092339
24.401579930767,9.71406627784003,12.1156006745387
24.405354259051,9.73169742046418,12.1605952291132
24.4092033137167,9.74920020086315,12.205116088625
24.4131235926527,9.7665756883925,12.249181557635
24.4170937073678,9.78381585881869,12.2928306725959
24.4222819781139,9.84323605084227,12.5101375552178
24.4266693592449,9.85976994638817,12.551250253718
24.4311233361882,9.87620105847469,12.5920237410919
24.4356367124739,9.8925384106996,12.6324649487061
24.4402158070084,9.90878313641079,12.6725725891033
24.4056770050639,9.97500470854828,12.7264617101599
24.4106478055485,9.99069281913419,12.7649648611925
24.4156649526269,10.0062867075273,12.8031864372434
24.4207411547489,10.0218207974055,12.8411451756032
24.4258692690833,10.0372822890754,12.8788749103419
24.4181920734336,10.1022692554589,12.9468901574641
24.423572646317,10.117528351791,12.9841079695792
24.4289937292704,10.1327040557481,13.0211041901928
24.4344548933264,10.1478169195286,13.0578824299949
24.4399670044111,10.1628785680653,13.0944441845327
24.4105945706406,10.1127847879801,12.736248759261
24.4158452467929,10.1280657694086,12.774274898387
24.4211565210407,10.1432629812694,12.8120268309745
24.4265266124779,10.1583813196802,12.8495103777544
24.4319543292338,10.173398328663,12.8867288091674
24.3931328927657,10.2033849817319,12.7850663308898
24.3987615913793,10.2180346663651,12.8218844156484
24.4044336078737,10.2325799000207,12.8584859790919
24.4101540153078,10.2470473145807,12.8948540336951
24.4159240756691,10.2614414670821,12.9309916433107
24.3966866548062,10.3185043771002,12.9587973025198
24.4027407501426,10.3324492484395,12.9942109770535
24.4088407112188,10.346318838311,13.0294129655532
24.4149852376574,10.3601293255422,13.0644158355317
24.4211728713727,10.3738725487612,13.099238443088
24.4072334450125,10.4044250347972,13.0440627453556
24.4135295338965,10.4179220975248,13.0788297518684
24.4198707975218,10.431355148596,13.1134152284047
24.4262558194139,10.4447312481998,13.1478203716672
24.4326790192643,10.4580345391068,13.1820489051793
24.3830361439876,10.5323953542461,13.0235450544421
24.3897533488385,10.545097613045,13.0578716642999
24.3965068569881,10.5577309186662,13.0920041262889
24.4032927425685,10.5702914832051,13.1259415168692
24.4101066555956,10.5827950654141,13.159697120738
24.4577144882758,10.4447696788195,12.9919808338819
24.4638586352367,10.4582290604695,13.0271758196845
24.4700498832634,10.4715988062425,13.0621559283574
24.4762710204491,10.4848821038496,13.0969264700687
24.482535343757,10.4980959268466,13.1314953418659
24.4996058039913,10.3755333811223,12.799433272581
24.5052140624598,10.3897633592412,12.8365733297385
24.5108806357558,10.4038820540341,12.8734006157255
24.5166049915515,10.4178960166257,12.9099302426407
24.5223731605785,10.4317836534274,12.9461782593847
24.5266011726364,10.4093372058711,12.7933782020044
24.5321354606703,10.4236092920426,12.8310042676501
24.5377208400938,10.4377533890712,12.8682964992694
24.5433661799366,10.4517801242476,12.9052637619105
24.5490649466633,10.4656954256096,12.9419242235149
24.4573092839434,10.6964534764079,12.8887854002127
24.4638854693296,10.7087117249848,12.924363037165
24.4705044642308,10.7208565384565,12.9596620655584
24.4771569209044,10.7329047576631,12.9946785735386
24.483834115971,10.7448596752928,13.0294067440021
24.4745979484351,10.7340542342266,12.9484730120015
24.4812664412346,10.7459522577292,12.9831568058342
24.487976564498,10.7577553839715,13.0175891182927
24.4946990456139,10.7694667627843,13.0517646382682
24.5014321183957,10.7810901326691,13.0856975030177
24.5500699779159,10.5390078550714,12.6955265817631
24.5557358583192,10.5527602830991,12.7333958657615
24.5614590633905,10.5663492554622,12.7708589467581
24.5672375467675,10.5797816551475,12.8079307418685
24.573056010181,10.5930631003526,12.844636296777
24.5737567460508,10.6017257796748,12.8348962678232
24.5795807937019,10.6147775339397,12.8712237221353
24.5854595764966,10.6277069442726,12.9072226781944
24.5913817161981,10.6405193819447,12.9429212654764
24.5973478542386,10.6532053062723,12.9783184328057
24.5784960331631,10.7349842961086,13.0011596432081
24.5847542171103,10.7470293897415,13.0357867476462
24.5910435706106,10.758985030942,13.0701436604499
24.5973293609009,10.770845607873,13.1042224291657
24.6036361553164,10.7826054179125,13.1380356376456
24.5961133199303,10.8512444052211,13.2228180974779
24.6027395314951,10.8624482920639,13.2556760857926
24.6093520132941,10.873569405368,13.2883045034304
24.6159888156151,10.8846236864507,13.3207681654836
24.6226661564769,10.8956198333221,13.3530595659775
24.5629449913571,11.109268060491,13.4329246123838
24.570453026038,11.1186436794179,13.4636730838163
24.5779639883707,11.1280112686691,13.4942818884441
24.5854281027235,11.1373620447529,13.524716338824
24.5928610105989,11.1466870226739,13.5549905705403
24.6031636013618,11.1687388931435,13.486925187741
24.6104932194444,11.1780315802715,13.5176913883549
24.6178133638163,11.1872690930996,13.54831133686
24.6251647261133,11.1964835676801,13.5787937038438
24.6325420798134,11.2056802517283,13.6091432805869
24.623323343409,11.2637502640373,13.6444456753068
24.6309170761006,11.2725406118161,13.6742822167646
24.6385097235546,11.2813225459579,13.7040016248178
24.6459747797352,11.2900724468427,13.7335904277732
24.653422465867,11.2988126876773,13.763061245001
24.6786353666886,11.2916174265385,13.8347008748435
24.6860188982333,11.300625000255,13.8642401946645
24.6934291969044,11.3096182415396,13.893674190819
24.7008700468736,11.3186080331663,13.9229891035087
24.7083282377912,11.3275864458897,13.9521936187222
24.7807663400344,11.0317238813089,13.2920749287481
24.7865530688149,11.0426145189148,13.3257633532538
24.7923460712458,11.0534400068698,13.3592312779085
24.7981603698716,11.0641749631287,13.392477645229
24.8039897496676,11.074809769213,13.4255043043518
24.8348290518508,10.9983279072929,13.2079269095525
24.8402167764132,11.0099179500258,13.2434749961454
24.8456168254624,11.0213986370678,13.2787305037596
24.8510069465206,11.0328001534836,13.313716318019
24.8564350365456,11.0441000712328,13.3484137890774
24.8344617330471,11.1769397525566,13.6558238068164
24.8404858611734,11.1870831429317,13.6875412697116
24.8465193472452,11.1971806892873,13.7190970325618
24.8525709801337,11.2072364809342,13.7504897593958
24.8586118943868,11.2172396826041,13.781746625422
24.8794772473428,11.1879604533351,13.4793040962005
24.8850497748472,11.1983414944765,13.5127983449139
24.8906278101511,11.2086796463978,13.5460798146605
24.896234296748,11.2189629480532,13.5791334869986
24.9018695301721,11.2291866394652,13.6119677205366
24.9140577846266,11.2141668662638,13.780639652874
24.919770880668,11.2244525492404,13.8125614383096
24.9255176976356,11.2346871663366,13.8442979604563
24.9312689431658,11.2448892634104,13.8758879736999
24.9370320745072,11.2550623598279,13.9073239776001
24.9580755172752,11.1396371401759,13.8308668640262
24.9636334983148,11.1502695143902,13.8624454686466
24.9692268202965,11.16085551808,13.8938449065021
24.9748469936093,11.1713906047449,13.9250886519068
24.9804569136177,11.1818593205023,13.9562202934052
24.9795025669223,11.2035103932946,13.8156377653362
24.9850526893932,11.2136671981135,13.8467769127725
24.9906380119306,11.2237751872884,13.8777569199425
24.99625303501,11.2338420033077,13.9085903697976
25.0018728769872,11.2438813560311,13.9393092635038
25.004650249748,11.2326571230739,13.8890241998677
25.0102795069837,11.2425631094763,13.9194187383248
25.0159442381832,11.2524345681966,13.9496667914594
25.0216397276418,11.2622732381191,13.9797731392153
25.0273623500661,11.272079488211,14.0097464606896
25.0345465301585,11.295242020975,13.9176945078564
25.0402026395818,11.3048372410851,13.9477709577353
25.0458905480528,11.3143982914999,13.9776953893611
25.0515970051714,11.3239201580956,14.00747548081
25.0573385394411,11.3334148914001,14.0371101787102
25.1131066187186,11.1637302944537,13.705303950073
25.1182545453055,11.1742884107092,13.7372594956973
25.1234246190267,11.1847740891641,13.7690255325462
25.1286166222518,11.1951893836616,13.8006146609061
25.1338439994372,11.2055527155974,13.8320168433016
25.1760408037482,11.0145754231628,13.5852425729229
25.1808794725662,11.0260297116365,13.6184141704769
25.1857500502201,11.0374016664061,13.6513615635558
25.1906534562621,11.0486794569103,13.6840946088379
25.1955857955178,11.0598706894662,13.7166207208103
25.2133599921402,11.04921342823,13.4626405611905
25.2181234743216,11.0604376588264,13.4962264358226
25.2229150159054,11.0715769941439,13.5295673843147
25.2277282253138,11.0826354328369,13.5626733229091
25.2325665241487,11.0936164583455,13.5955488327342
25.2277684370852,11.1958360074963,13.473052852061
25.2326472841338,11.2058528108184,13.5052428772419
25.2375459410775,11.2158140407575,13.5372245090447
25.242464265735,11.2257208801865,13.5690198647422
25.2474074430514,11.2355668412064,13.6006343891824
25.2679499059797,11.2270120755563,13.4863566391363
25.272839265132,11.237010739817,13.5188494743608
25.2777505369625,11.2469476023347,13.5511400837177
25.2826842765321,11.25682690566,13.5832236224226
25.2876399123288,11.2666483716266,13.6151031225187
25.3405609220873,11.1526985240623,13.0409183867552
25.3454889115906,11.1639296403902,13.0783269958569
25.3504159325157,11.1750331540778,13.1153413729196
25.3553360290333,11.1860192414501,13.1519746240365
25.3602534840504,11.1968975180061,13.1882442348275
25.3644801344902,11.1943128726664,13.22273657191
25.3693867027566,11.2049679754282,13.2580935235161
25.3743010944681,11.215514919214,13.2931334612045
25.3792101800875,11.2259747929296,13.3278525260573
25.3841192285147,11.236355227256,13.362273003967
25.4160587937557,11.0511735178317,12.9012187898705
25.4211132069009,11.0629450936285,12.9394492669162
25.4261517863787,11.074570769737,12.9772467382379
25.4311773411017,11.0860597254789,13.0146327774655
25.4361922825579,11.0974205112838,13.0516259826234
25.4454339309487,11.1353311181758,13.051299648827
25.4505509443219,11.1467161823912,13.0889186590718
25.4556620742072,11.1579742601984,13.1261450952491
25.4607376826895,11.169122057191,13.1629921176144
25.4658124779866,11.1801580554426,13.1994778882074
25.4876313385839,11.0010621059687,12.8351888187558
25.4929899001053,11.0138044294365,12.8759001199283
25.4983240621764,11.0263725869003,12.9161060925529
25.5036361471561,11.0387751372808,12.9558283087755
25.5089297320878,11.0510207430685,12.9950871777706
25.5116063033818,10.9321074735927,12.3234284575843
25.5180449220925,10.9463599004797,12.3699234402689
25.5244011201659,10.9603364000184,12.4156604278446
25.5306814502087,10.9740480834999,12.4606776233594
25.53687504338,10.9875201736557,12.5050229289779
25.5230054008367,10.8216634298115,12.027540363395
25.5302096136561,10.837468896632,12.0781031596862
25.5372985111748,10.8529205132064,12.1277406841415
25.54427955691,10.8680390543097,12.1765008674828
25.55115439696,10.8828421390638,12.2244282311001
25.5141978889869,10.6140118140082,11.5875995378533
25.5225454440548,10.6327066720536,11.6449529507065
25.5307244426004,10.6509324230452,11.7011157671989
25.5387460624263,10.6687152341246,11.7561483819797
25.5466062946229,10.6860862092237,11.8101213054403
25.501010365029,10.5936989363934,11.2867586093513
25.5103047224664,10.6138677162882,11.3482050709197
25.5194000888811,10.6334746972384,11.408302646639
25.5283083470233,10.6525526862173,11.4671254855294
25.537041342632,10.6711314958151,11.5247419690444
25.4932392992778,10.3558813385681,10.9818888153038
25.5027334555928,10.3783654174988,11.0466604159744
25.5120499004606,10.4003024823588,11.110213254736
25.5211977831381,10.4217175584162,11.1725994601402
25.5301850968926,10.4426357225911,11.2338702239211
25.4547377348239,10.1204494984968,10.4969160252047
25.4648706212142,10.1453142177277,10.5654611132297
25.4748181763142,10.1695996052226,10.6327778366816
25.4845851944977,10.1933297764124,10.6989260841281
25.4941829667773,10.2165300274045,10.7639535672061
25.4835567965224,10.140589655577,10.6338613543677
25.4930444282402,10.163917239659,10.6985387031311
25.5023833225631,10.1867607303664,10.7622164623769
25.5115766168,10.2091374477753,10.8249309102824
25.5206307849474,10.2310655746228,10.886714144182
25.5206780354833,10.3514798390466,10.8902004340925
25.5298004373867,10.372695035087,10.9509391015992
25.5387840043352,10.393449428067,11.0107421234767
25.5476363295082,10.4137614765494,11.0696447722459
25.5563632766244,10.4336510527032,11.1276801409294
25.4924506735844,10.2126195285346,10.5295650349608
25.5018913185497,10.2354215438613,10.5922427546803
25.5111858709031,10.2577193888673,10.6539711270107
25.5203433728999,10.2795348793907,10.7147890888906
25.5293705171063,10.3008889953011,10.7747339763457
25.5264694798097,10.2399422654928,10.7067797694356
25.5351974732546,10.2613681876402,10.765844710341
25.5438272071741,10.2823865549411,10.8242023739289
25.5523612007791,10.3030126559901,10.8818755130915
25.5608034749951,10.3232613759953,10.9388840023919
25.6031693339783,10.6665001446822,11.3520165899934
25.6112364127753,10.6828572223531,11.4033520801295
25.6192113866152,10.6989027266117,11.454031332618
25.6270965304037,10.7146511128927,11.5040758343815
25.6348931312693,10.7301185787383,11.553510144459
25.6121913544495,10.5533580443907,11.293432784175
25.6201577594572,10.5702814911256,11.3450446434301
25.6280332625901,10.5869037952684,11.3960271580273
25.635824333605,10.6032353475022,11.4463925139472
25.643530593277,10.6192847856208,11.4961590871846
25.6622459032408,10.7667877524691,11.6667266969378
25.669643504484,10.7809352547856,11.7131012808998
25.6769634499743,10.7948593739961,11.7589475247263
25.6842121072854,10.8085680030217,11.8042861336115
25.6913962931652,10.8220692378637,11.8491275844294
25.713981364246,10.9336746835455,12.0733418730964
25.7209157922274,10.9459402215362,12.1157358935551
25.7277902391614,10.9580552941816,12.1577535258667
25.7346204652806,10.9700224256331,12.19938596781
25.7414072336639,10.9818460469476,12.2406497922077
25.7387261069414,10.937897078729,12.158533607493
25.7455258930169,10.949951089877,12.2001077739201
25.7522802860134,10.9618618156394,12.2413137329226
25.758992465349,10.9736361628044,12.2821687158324
25.7656493350802,10.9852769758263,12.3226638561908
25.7718465404222,11.0106990058357,12.3526368762809
25.7784102084803,11.0219907175919,12.3924279477706
25.7849431614534,11.0331669670653,12.4318945672271
25.7914365047648,11.0442295843568,12.471049089253
25.7978930883896,11.0551838020367,12.5098980599613
25.8065319073574,11.1254826149517,12.5992567914568
25.8128094640792,11.1355563052709,12.6361676602626
25.8190575357029,11.145545507034,12.6728189004806
25.8252742613882,11.1554576560556,12.7092301929152
25.831465651404,11.1652994681478,12.7454047797989
25.8116019720387,10.9771841624915,12.3943284778886
25.8178032401623,10.9880483324393,12.4320935249237
25.8239655182631,10.9988062416457,12.4695761163756
25.8300897258615,11.0094597796963,12.5067808252356
25.8361819987208,11.0200128338829,12.5437062603533
25.8610985117554,11.2041062509688,12.9180446256088
25.8670453134966,11.213371088226,12.9522284090287
25.8729778386359,11.2225858603094,12.9862155450481
25.8788886001864,11.2317544539769,13.0200007411834
25.884780699433,11.2408773947807,13.0535909497872
25.8888060066093,11.3577631112366,13.1506720226252
25.8945946980598,11.3658869030384,13.1823524487086
25.9003489778771,11.3739836285408,13.213888509968
25.9060717157183,11.3820546603522,13.2452702229438
25.911771229057,11.3901004238606,13.2764972055021
25.9073558306417,11.2324546925627,13.2811749767951
25.9128494166285,11.2412134120693,13.3122697645348
25.9183389436531,11.2499297770694,13.3432143010565
25.9238237371275,11.258610046799,13.374014453333
25.9293035180513,11.2672546203567,13.4046711047717
25.938003338887,11.3579847237424,13.6683761237993
25.9435840615401,11.3662906061212,13.6978681620303
25.9491311242583,11.3745129647506,13.727173951714
25.9546251229878,11.3826416160299,13.7562701416693
25.9601078964179,11.3907270459202,13.7852102086638
25.9605166587229,11.2154699824409,13.6120965409922
25.9659046921499,11.2244455302123,13.6424226881161
25.9712874691839,11.2333664699078,13.672575057123
25.9766541930073,11.2422330806189,13.7025450601729
25.9820148423077,11.251051155408,13.7323427971803
25.9738814130455,10.9878768260047,13.0218250674212
25.97915183463,10.9980261678503,13.0552580411001
25.984417274252,11.0081017875273,13.0884833901566
25.9896780624626,11.0181054929145,13.121507054674
25.9949341380595,11.0280413432605,13.1543328219632
25.9881966920004,10.8938582562031,12.7586221002675
25.9936927337637,10.9048422064932,12.7943700906571
25.9991695579628,10.9157240933698,12.8298449690277
26.0046269582589,10.9265094273078,12.8650549640305
26.0100695690934,10.937200693448,12.9000076805511
26.0074807371066,10.8830097487438,12.8807197536216
26.0126709575153,10.8935527714542,12.9146228858742
26.0178506865612,10.904011675895,12.9483055922347
26.023022967632,10.914389513769,12.9817726845946
26.0281882658286,10.9246889715187,13.0150307706125
26.0331392786503,10.961040427655,13.2466254869322
26.0383438445531,10.9711065660397,13.2789659389369
26.0435484031097,10.9811070885779,13.3111277713367
26.0487551546247,10.9910439346725,13.3431122894683
26.0539656506117,11.0009013695684,13.3749069736638
26.0563883132012,10.9167381428553,13.1887464247445
26.0617028286931,10.927152371366,13.2220158523337
26.0670177771989,10.9374930674297,13.2550808603988
26.072333832384,10.9477629553493,13.287946351945
26.077651618928,10.9579644849066,13.3206178878069
26.0652523879051,10.7577030611515,12.9509305893778
26.0707008771134,10.7690840122803,12.986406889181
26.0761399683807,10.78036537209,13.021622010601
26.0815711488712,10.791550500432,13.0565832862017
26.0869959694765,10.8026420997405,13.0912980036734
26.0994581467162,10.8648765943814,13.0479298784595
26.1047126160188,10.8753326369509,13.0812534547589
26.1099539923284,10.8857076603196,13.1143657957727
26.1151921328429,10.8960080980643,13.147277290495
26.1204299207169,10.9062369257613,13.1799962979081
26.13149620901,10.9119752323011,12.8122867982757
26.1368458078634,10.9223033835479,12.8462942056573
26.1421802068886,10.9325437440119,12.8800607788103
26.1475008739455,10.942699559738,12.9135955881109
26.152802404064,10.9527716104281,12.9469022880682
26.159087466033,10.9764735994576,12.9677644358505
26.1642875750455,10.9862104092431,13.0002483845422
26.1694832264859,10.9958808216774,13.0325404782171
26.1746755489623,11.0054875852684,13.0646477050299
26.1798685356069,11.0150305590052,13.0965753092552
26.1659769121101,10.7841583704562,12.6314128892017
26.1716681906789,10.7954942983259,12.6676994761481
26.1773273083661,10.8067094100091,12.7036613399494
26.1829569102424,10.8178087614944,12.7393112462224
26.1885601695211,10.8287973380459,12.7746609006351
26.1840600192919,10.7591381135632,12.9034182849429
26.1897906075662,10.7705088606737,12.9391865728998
26.1955039943407,10.7817760873262,12.9746692838344
26.2012021187821,10.7929437073183,13.0098754789228
26.2068865841089,10.8040154820375,13.0448138878873
26.1968511109843,10.6854094772332,12.9519357014617
26.2024146927461,10.6967619272666,12.9871547279269
26.2079641594158,10.7080182446417,13.0221042166619
26.2135014103914,10.7191819611078,13.0567949971163
26.2190281753436,10.7302542788928,13.0912314719127
26.2190602027731,10.6680930716773,12.7641504947335
26.2250265946792,10.6800460596371,12.8013197092157
26.2309627862036,10.6918760356461,12.8381508056173
26.2368710191582,10.7035877858001,12.8746563823677
26.2427526853426,10.7151856380396,12.9108486054653
26.2479507308877,10.7159573884867,12.9180862888757
26.2536514930675,10.7272120133171,12.9532327111613
26.2593363624741,10.7383690852427,12.9881125135269
26.2650080770531,10.7494326784974,13.022733881852
26.2706683436762,10.7604060623453,13.0571058898886
26.2678801411207,10.6998785591772,13.0318327853317
26.2738985637641,10.7114701345523,13.0679566085979
26.2799000421544,10.7229587241287,13.1037869993095
26.2858861989865,10.7343470868517,13.1393311601892
26.2918587199996,10.7456379237281,13.1745965273787
26.2858785020983,10.6644286340156,13.0295433663253
26.2924133114276,10.6767246374376,13.0678147933099
26.2989208040498,10.688896799054,13.1057245771932
26.3054036486664,10.7009498436765,13.1432835412459
26.3118636802154,10.7128886905082,13.1805013833661
26.255470489207,10.4952639712869,12.3314044216847
26.2633103956792,10.5101800293136,12.376903631283
26.2710710984896,10.5248738025315,12.421819887129
26.2787551760301,10.5393532427511,12.4661716357468
26.2863653927923,10.5536261610741,12.5099763675921
26.2728080327022,10.5510521098235,12.2303537706274
26.2807209794674,10.5657198448361,12.2754869340572
26.2885442957567,10.5801586875844,12.3200214149433
26.2962821682753,10.5943779454568,12.3639780289435
26.303939029047,10.6083865974637,12.4073766136868
26.2158990611799,10.3489241834236,11.6640676987244
26.2252078965316,10.3664532501019,11.7162833686252
26.2343811216842,10.3836593163361,11.767698495973
26.2434242316321,10.4005542102044,11.8183393545361
26.2523425062652,10.4171493644134,11.8682309978426
26.1699891788916,10.1753962657495,11.3361512205532
26.1800270308079,10.1948210329831,11.3922079287733
26.1899363066797,10.2139012085877,11.4474732530385
26.1997201231446,10.2326471533299,11.5019664324008
26.2093811243439,10.2510665507794,11.5557073541216
26.253767439993,10.3223360882624,11.8419239726084
26.2625236029951,10.3388119620642,11.8909520494437
26.271177031195,10.3550296900032,11.9393441542115
26.2797307335232,10.3709974421396,11.9871158320951
26.2881878608362,10.3867229584454,12.0342826383402
26.3070546281812,10.4338800106095,12.155864708891
26.3151560951734,10.4487556877467,12.2009115927456
26.323174383991,10.4634208935544,12.2454202830326
26.3311129601751,10.4778836462607,12.2894066197709
26.3389750123118,10.4921506740237,12.3328847968871
26.3313569965275,10.4308642920295,12.3071335343316
26.3393063458394,10.4453510106176,12.3510491997586
26.3471854017955,10.459650204798,12.3944759800297
26.3549977654222,10.4737682033463,12.4374257126902
26.3627462489577,10.4877111684899,12.4799107754591
26.3521472944097,10.4252033590589,12.4239348128564
26.36009505269,10.4395203503319,12.4673497669764
26.3679803583037,10.4536622780559,12.5102987477438
26.3758044587629,10.4676357419305,12.552794655929
26.3835679908254,10.4814460436557,12.5948504143498
26.3800234990352,10.5207414665189,12.4591015331178
26.3878493417759,10.5345047688444,12.5012134119121
26.3956125148931,10.5481010834174,12.5428805989887
26.4033135207593,10.5615378828261,12.5841179050589
26.4109556581664,10.5748201959855,12.6249350088163
26.4448633052553,10.6762834703895,12.8734876506828
26.4518449659134,10.688240050303,12.9106261368612
26.4587926727363,10.7000920240777,12.9474599050346
26.4657038277257,10.7118424610365,12.9839988010416
26.4725835751389,10.723493899919,13.0202480514223
26.4804535064294,10.7545577318213,13.0426358170046
26.4872805917843,10.7659735044139,13.078332398685
26.4940808675509,10.777303484429,13.1137661450667
26.5008567660108,10.7885506301495,13.1489437801275
26.5076092605826,10.7997183568793,13.1838736314273
26.5366506196551,10.9066384789527,13.4485532024526
26.5432447627384,10.9171635151313,13.4816417093415
26.5498294504149,10.9276295809301,13.5145299506659
26.5564038454706,10.9380438422275,13.5472271612452
26.5629624720573,10.9484095509006,13.5797410583961
26.5686847215997,10.9740939103445,13.6318139774996
26.5750739030998,10.9841566883772,13.6633712684202
26.5814522448532,10.9941811678897,13.6947706329561
26.5878254652843,11.0041675363631,13.7260126042514
26.5941942561106,11.0141168264065,13.7570994503089
26.6087830974046,11.0688709896809,13.9087903554046
26.6151091649329,11.0785704578569,13.9389749857161
26.6214232066028,11.0882437182817,13.9690116285687
26.6277341728033,11.0978875727212,13.9989068356684
26.6340381973032,11.1075038941656,14.0286614878817
26.6124698259419,11.0085741855218,13.6570894179089
26.6187263716825,11.0184722937938,13.6880481661613
26.6249701227301,11.0283351514045,13.7188585437973
26.631193892202,11.0381635267474,13.7495242678284
26.63738948826,11.047956916268,13.7800370034603
26.6092341444956,10.8574206152496,13.4466997947079
26.615620645422,10.8680182479426,13.4791153528493
26.6219724248337,10.878559664138,13.5113386709721
26.6282856420861,10.8890479767227,13.543379616055
26.634572855776,10.8994848730768,13.5752478541031
26.6520789391836,10.9324668127075,13.793193799452
26.658283620501,10.9426820613461,13.8239856338903
26.6644828300923,10.9528572542638,13.8546267591112
26.6706789500165,10.9629936049253,13.8851200503246
26.6768694139088,10.9730913899507,13.9154662139583
26.6568147394143,10.8300678536785,13.6577165861304
26.6631550241757,10.8407288221053,13.6895570573866
26.6694792261453,10.8513393550286,13.7212264837971
26.6757736587539,10.8618982078705,13.7527263088833
26.6820609832998,10.8724103838828,13.7840620493867
26.6779585084295,10.8663207186361,13.6748651926568
26.6842122491215,10.8767924548826,13.7062663462721
26.6904589585793,10.8872173903409,13.7375069815137
26.6966993671869,10.8975968137898,13.7685906729138
26.7029351369243,10.9079316868146,13.7995191479517
26.7172108924698,10.9497182318939,13.9150371599778
26.723445104587,10.9598730210541,13.9453497731855
26.7296689520056,10.96998593949,13.975515129862
26.7358718068563,10.9800566202849,14.0055390893597
26.7420621647991,10.9900857829809,14.0354203145548
26.7633868324396,10.9772977911912,14.2987494183
26.7696483863124,10.9873557496138,14.3279313057513
26.7759094579943,10.9973784988637,14.3569747024056
26.7821713616105,11.0073658123871,14.3858763739011
26.7884328748602,11.0173180148931,14.4146373957095
26.7685445071425,10.9404817018602,14.2089034640995
26.7747280572365,10.9505638346751,14.238187183459
26.7809067852442,10.9606091984843,14.2673364577548
26.7870875047856,10.9706207658334,14.2963545985184
26.7932621686846,10.9805976093611,14.3252435034629
26.7626096381024,10.8307530412503,13.949888650315
26.7687561729578,10.8411341538373,13.9801097858045
26.7749025621709,10.8514778665407,14.0101968554598
26.7810493630532,10.8617850990194,14.0401515190954
26.7871894485699,10.8720543949097,14.0699660008348
26.7752812956325,10.7711282548458,13.8509118159968
26.7815314661961,10.7817818816399,13.8818658313945
26.7877779983138,10.7923923623989,13.9126694460793
26.7940217210652,10.8029610664203,13.943325377785
26.8002624969129,10.8134891020898,13.9738358200408
26.8034912188765,10.7999185015785,13.9392898163333
26.8097890972348,10.8105070892941,13.969962113838
26.8160821094842,10.8210539601025,14.0004851999593
26.8223731319391,10.8315609788706,14.0308643645729
26.8286628533975,10.8420292172508,14.0611022228189
26.8415442154474,10.9406746231611,14.2613233496425
26.8477091104246,10.9506661871095,14.290113500608
26.8538782925495,10.960628333867,14.3187864103185
26.8600518435129,10.9705612487868,14.3473403549459
26.8662299587433,10.9804644682533,14.3757699290297
26.8520210530368,10.9370358528225,14.0710744542553
26.8581925179539,10.9470679951136,14.1002917786459
26.8643675924426,10.9570680808789,14.1293926333695
26.8705434792856,10.9670348921517,14.1583781025559
26.8767217905505,10.9769698434005,14.1872482736152
26.8588413533694,10.9117012662644,13.8718835132403
26.865011664764,10.9218175070585,13.9015936998472
26.8711780094993,10.9318940749886,13.9311796618971
26.8773460554214,10.9419341560735,13.9606438229763
26.8835160925695,10.9519386464513,13.9899885451406
26.8900584521465,10.9981682222689,14.0378806881168
26.8961778659765,11.0079230783933,14.0666626293334
26.9023025378983,11.0176484169491,14.0953389930508
26.9084329999423,11.027345082535,14.1239112231988
26.9145695635675,11.0370137411346,14.1523806123689
26.9150361933111,11.091115731427,14.1232333842189
26.9210960983707,11.100470434305,14.151238194336
26.9271636759868,11.1098013451469,14.1791494570446
26.9332388804584,11.1191099081279,14.2069695470224
26.9393226899291,11.1283968331133,14.2346997930009
26.9295670286376,11.0691986416838,14.1350126235744
26.9355594117886,11.0785444872382,14.162733906473
26.9415614898931,11.0878685012828,14.1903710361456
26.9475733244268,11.0971711089484,14.2179238823022
26.9535951667683,11.1064524498618,14.2453930284229
26.961246205539,11.0410798975298,14.2110939587324
26.9673810293076,11.0506744263387,14.2390303345889
26.9735226616594,11.0602393703683,14.2668642618777
26.9796714922422,11.069779677823,14.2946056278675
26.9858290727168,11.0792956881481,14.3222586380336
26.9769024118386,10.9401139600057,14.1519722749699
26.9830890164867,10.9500740841469,14.1804124800415
26.9892823862979,10.9600034732774,14.2087509865616
26.9954842085944,10.9699035592075,14.2369968818109
27.0016949200609,10.979774922451,14.2651506404931
26.9851576141543,10.9382376219532,13.9222101285844
26.9913743445262,10.9482358877555,13.9512653824216
26.9975958517537,10.9581971701928,13.980213075463
27.0038218170867,10.9681215379978,14.0090489227986
27.0100510298075,10.9780096644197,14.0377640672778
27.0306799264654,11.2412109623378,14.2539702840838
27.0368561511128,11.2500643430778,14.2811610363293
27.0430436740985,11.2589022845791,14.3082757416239
27.0492434821447,11.2677268838488,14.335313837627
27.0554575097988,11.2765392433771,14.3622742017504
27.069683910746,11.4151919885497,14.5822609510495
27.0759291890738,11.4235676573299,14.6082560643845
27.082186568228,11.4319387799412,14.6341740046402
27.0884520881814,11.4402902824695,14.6600372946064
27.0947253661391,11.448625377765,14.6858386020654
27.1087227810203,11.6153030315755,14.8914972184463
27.115047042457,11.6231752090345,14.9164683550397
27.1213839275474,11.6310388642418,14.941353853841
27.1277346514911,11.6388925334619,14.9661562037734
27.1340879768587,11.6467426403459,14.9908679652695
27.1413688696608,11.61179265775,14.9873645189164
27.1477563947672,11.6197489073818,15.0120702542867
27.15415485761,11.6276985000698,15.036694417543
27.1605682825646,11.6356367489508,15.0612284651466
27.1669956456789,11.6435662200452,15.085667353383
27.1427748570374,11.5678928270127,14.6934780655718
27.149156606042,11.5758724764352,14.71894273486
27.1555395158024,11.5838342683173,14.7443490474399
27.161921854421,11.5917838463417,14.7696928942892
27.1683037630302,11.5997079926679,14.7949915571028
27.1588170149775,11.5599841507621,14.6301204914871
27.1651354511838,11.5678671050875,14.6557318963431
27.1714499778602,11.5757457514166,14.6812862841922
27.1777671673342,11.5835696725053,14.7067633824586
27.1840779909193,11.5913852270034,14.7321583313572
27.1971794264931,11.5681042598284,14.7943602013076
27.2034891892743,11.5760401076046,14.8195095378856
27.2097956571902,11.58396926202,14.844571282628
27.2161095657763,11.5918648420715,14.869569374366
27.222430167687,11.5997505141823,14.8944876640428
27.2211513296994,11.6750268182893,14.9355567222806
27.2274406977207,11.6826324018252,14.9600359133898
27.2337269970914,11.690217965114,14.9844411222164
27.2400226256338,11.6977862007087,15.0087693735177
27.2463212451733,11.7053367600373,15.0330052217995
27.253071110549,11.5102720672376,14.8678445052285
27.2594020795655,11.5183821599738,14.8928069372271
27.2657296376326,11.5264744823705,14.9177029610642
27.2720542966769,11.534530818922,14.9425427215206
27.2783799167257,11.5425622566088,14.9673161698171
27.2629026143308,11.7248291920288,14.9698482816382
27.2691976778712,11.7322645745047,14.9941664582715
27.2754934163953,11.7396909679752,15.0184009156751
27.2817854876817,11.747077517949,15.0425685356626
27.2880851861857,11.7544588464146,15.06665931969
27.2757167827322,11.6207523211618,14.8060623360552
27.2819817286479,11.6283917516519,14.8308401053055
27.2882599341796,11.6360179110008,14.8555563387577
27.2945518862848,11.6436252337245,14.8802060911957
27.3008566407625,11.6512271256539,14.9047992227985
27.2898158278783,11.4775303515096,14.602343914029
27.2961247716464,11.4856222108024,14.6280839039872
27.3024447926332,11.493698436659,14.6537663238149
27.3087737983575,11.5017551762583,14.679383656632
27.3151114728953,11.509795637188,14.7049415521236
27.3297067708353,11.7195235679476,15.0000909735788
27.3360645366571,11.7269287864889,15.024382027342
27.3424327577955,11.7343297267629,15.0486080178432
27.3488125992006,11.7417184150579,15.0727866402518
27.3552025254071,11.7490981169476,15.0969057766926
27.3218123671732,11.5988276031239,14.6062642286418
27.3281344882428,11.6065329538725,14.6320538747713
27.3344697757274,11.6142205688531,14.6577788177063
27.3408201736695,11.6218999421409,14.6834467942334
27.3471877777231,11.6295680568899,14.7090663499808
27.3526056414906,11.6707354551812,14.7944484598065
27.3589760253084,11.6782336812798,14.8195866611739
27.3653654971511,11.685725384379,14.8446601124166
27.3717714502256,11.6932106125482,14.8696686337715
27.3782022362126,11.7006824908782,14.8946171708537
27.3790426556425,11.7074479304182,14.9280274684545
27.3854543797645,11.7148029990739,14.9526640756414
27.3918853514989,11.7221283985017,14.9772146566746
27.39832764667,11.7294309115343,15.0016973420474
27.404776451502,11.7367204623055,15.0261083312844
27.4175860921406,11.7970935386572,15.1405938159793
27.4240791431681,11.8042379943876,15.1645401823326
27.4305700650435,11.8113543266807,15.1883989314411
27.4370527027268,11.8184310675862,15.2121518122624
27.4435407410109,11.8254982279028,15.2358187162085
27.4418562136987,11.7377164716082,15.1286110186832
27.448321156028,11.7449487939185,15.1526297510916
27.4547962020856,11.7521657934864,15.1765674476038
27.4612804457119,11.7593683663109,15.2004238873363
27.4677745813895,11.766557814649,15.2241962471846
27.4541643228445,11.6279473021842,14.9494833055883
27.4606409783625,11.6356189898351,14.9744135292541
27.4671284205409,11.6432716150681,14.9992683449918
27.4736195096403,11.6509039597714,15.024032327926
27.4801149011607,11.6585159506353,15.0487062777993
27.4796524152609,11.7883104003507,15.1481478860137
27.4861599067969,11.7955503194767,15.1722648510272
27.4926695206766,11.8027550190015,15.1963019013798
27.4991825291127,11.8099287606592,15.2202500978378
27.5057064581403,11.8170893114678,15.244117342293
27.4652594076348,11.7566259079616,14.8914276945675
27.4716354541611,11.7639645668496,14.9167528601744
27.4780272748104,11.7712940769058,14.9419916031967
27.4844319452758,11.7786130419851,14.9671436926357
27.4908512084945,11.7859159553478,14.9922186906421
27.5117371177647,11.7938492916356,15.1100470106083
27.5182352111057,11.8011035055216,15.1345383745559
27.5247415575993,11.8083413200201,15.1589371166131
27.5312617005769,11.8155651980848,15.183247545785
27.5377928707017,11.8227709551412,15.2074673929316
27.5477970973291,11.7714795106996,15.1917021297646
27.554346623683,11.7787796616464,15.2159303265514
27.5609020313736,11.7860600674739,15.2400625652062
27.5674716712055,11.7933119858985,15.2640998901319
27.5740597355299,11.8005386684029,15.2880560834916
27.5800021950455,11.7628497754745,15.2815902597932
27.5865854597697,11.7700662859534,15.3053674083332
27.5931769938703,11.777260116305,15.3290546618596
27.5997748587704,11.7844301864632,15.3526496114166
27.6063795169638,11.7915774943468,15.376151449709
27.5815087775165,11.6045477651258,15.00940900607
27.5880612815611,11.6123767556981,15.0347194609077
27.594625821785,11.620177410441,15.0599346944197
27.6012018193641,11.62794989211,15.0850543680647
27.6077900539783,11.6356941262287,15.1100776574412
27.5827945404336,11.5591752611858,14.8503799826313
27.5893592622468,11.5672620733843,14.876813123577
27.5959361473431,11.5753187444898,14.9031385441709
27.6025248951555,11.5833455369109,14.9293554427281
27.609124694932,11.59134380164,14.9554629603898
27.6733379740269,11.7859243668024,15.5157087546743
27.6799920958179,11.7929671786253,15.5386768248886
27.6866582517134,11.7999783232509,15.5615450732497
27.6933285053245,11.8069616574353,15.5843108438548
27.7000012533174,11.8139183295258,15.6069687231261
27.7276961150363,11.9204226071077,15.816437983331
27.734395457545,11.9270477055642,15.8379703841225
27.7410903753483,11.9336458495483,15.8593791761582
27.7477991443183,11.940211683233,15.8806570584529
27.7545109151328,11.9467427141043,15.9017838662843
27.7389902994782,12.1531651901569,16.0488967107342
27.7456954550153,12.1594844964959,16.0692797221328
27.7523894749596,12.165780654874,16.0895290256459
27.7590681315447,12.1720510492167,16.1096422069168
27.7657435138074,12.1783018215999,16.1296185551367
27.7288152060166,12.1403447834673,15.9158584851278
27.7355030854704,12.1468470042847,15.9367732183165
27.7421758123231,12.1533204301762,15.9575886801564
27.7488240759146,12.1597639103312,15.9782739411025
27.7554697823194,12.1661948683039,15.9988503693876
27.7314701077115,12.1637683628377,15.8822460255771
27.7381003093899,12.1703030683084,15.9033025897754
27.7447288959578,12.1768302175427,15.9242623682831
27.7513561046103,12.183348105388,15.9451254629399
27.7579838666738,12.189852547034,15.965888400139
27.769456661621,12.1615094331595,15.973166657091
27.7760532569291,12.1678727679437,15.9936931815274
27.7826510959813,12.1742209191126,16.0141253302249
27.7892547582063,12.1805587149705,16.0344510195684
27.7958597270651,12.1868815240544,16.0546654974354
27.7646997680741,12.1087039948178,15.8199809840159
27.7713342627229,12.1153059294692,15.841292945263
27.7779717066534,12.121892459329,15.8625114356096
27.7846118882885,12.1284608355293,15.8836315070179
27.7912500570024,12.1350100369137,15.9046623970135
27.751605900624,12.1007381077273,15.6887523804919
27.7582124089944,12.1073815757762,15.7108146286011
27.7648239441158,12.1140052054249,15.7327799654074
27.7714437009907,12.1206156203055,15.7546401733694
27.7780767365747,12.1272110975425,15.7764002926903
27.7340559556226,11.9793363208902,15.3686020408896
27.7405762211686,11.9861310514266,15.3922597217128
27.7471032007559,11.9929044584806,15.4158009530521
27.7536324534156,11.9996589570529,15.4392305930531
27.7601685192164,12.0063922736375,15.462555793272
27.7485606749646,12.1227316122269,15.5235650561806
27.7550425557893,12.1292685206955,15.5466635934763
27.7615246657815,12.1357784183984,15.5696230525775
27.7679944212716,12.1422653105583,15.5924353424363
27.7744421954187,12.1487315128959,15.6150893802787
27.7490374799128,11.962982364225,15.1656323655754
27.7555321140192,11.9699484450478,15.1908691324003
27.7620365759475,11.9768827973533,15.2159798840347
27.7685460474013,11.9837981419488,15.2409667019138
27.7750595215122,11.9906890011702,15.265823514808
27.7869990925343,12.2337526706898,15.6514206169705
27.7935276100721,12.2404502312922,15.6743242271128
27.8000538346777,12.2471302606087,15.6971042080546
27.806580315942,12.253795129073,15.7197658443494
27.813102174352,12.2604183003125,15.7423230365883
27.8278456539435,12.1779367521127,15.6851311195228
27.8344132921514,12.1844870270093,15.7076415643683
27.8409918077817,12.191014143247,15.7300452825754
27.8475755300369,12.1975224217769,15.7523327065206
27.854161735924,12.2040105496677,15.7745028712645
27.8143903842052,12.2006886244848,15.5365084624015
27.8208924541809,12.2073664242079,15.5602838229482
27.8274128129493,12.2140178665882,15.583912652874
27.8339432963274,12.2206526966045,15.6074057630995
27.8404769789421,12.2272679527956,15.6307522004121
27.8012964917393,12.1614465695714,15.225231223618
27.8077867491766,12.1683293184805,15.2513690928828
27.8142943965906,12.1751758800329,15.2773406738572
27.8208015852512,12.1819854762837,15.3031301335568
27.8273147010015,12.1887399225853,15.328711398539
27.810472998845,12.3493125085798,15.4266365432264
27.816838206277,12.3560256477029,15.4520846417215
27.823218591565,12.362734475843,15.477362592697
27.8296217906542,12.3694286500902,15.5024925806002
27.8360358270133,12.3761068904929,15.5274504041909
27.8296285161794,12.4875266243847,15.632421979938
27.8360190697244,12.4943190230101,15.6569769065613
27.8424108629553,12.5010907015717,15.6813203160588
27.8487991826892,12.5078455812115,15.7054532256429
27.8551741068905,12.5145690978411,15.7293465039395
27.8401714271026,12.4528695326856,15.4845460998502
27.846521363934,12.4596807923325,15.5099157026555
27.8528838964591,12.4664772544076,15.535103916711
27.8592635053397,12.4732562681486,15.5601000641383
27.8656623062402,12.4800034160417,15.5849562609271
27.914396858503,12.5231968963287,15.9445817483746
27.9209387653152,12.5297331700793,15.9665329803857
27.9275026135912,12.5362271121115,15.9883543965808
27.9340984857381,12.5426852733247,16.0100587158843
27.9407191541401,12.5491120182892,16.0316167429965
27.9215980404553,12.6376797762901,16.0573706206274
27.9281055917173,12.6442161891352,16.0789872958541
27.9346202398441,12.6507269828703,16.1004319822126
27.9411197081081,12.6571657751032,16.121685695123
27.9476373605825,12.6635661539045,16.1427144557239
27.9617097250255,12.4310347161761,15.7774024556129
27.968404406089,12.4372492378607,15.7996910487061
27.9751106209588,12.4434410574067,15.8218432227341
27.9818322276617,12.4496096792538,15.8438404859181
27.9885496269544,12.4557247501613,15.8657172795442
27.9992424774005,12.3481226857501,15.6827001049349
28.0060299460239,12.3541530117196,15.7050895577863
28.0128292844602,12.3601547034518,15.7273406448452
28.0196421596974,12.3661285757883,15.749456307246
28.0264692122577,12.3720483230041,15.771385227644
27.9709625337439,12.3669142775001,15.4082147772295
27.9778026054207,12.3732115284489,15.4327252728783
27.9846624682275,12.3794906639445,15.4570674076466
27.9915416339672,12.3857464960368,15.4812650910548
27.9984337484286,12.3919826554411,15.5053167242614
28.0095977301886,12.3738087274223,15.5004781052615
28.0165407482284,12.3799276794332,15.5242153900474
28.0234952242705,12.3859828452306,15.5477784765537
28.0304624590367,12.3919813088153,15.5711578484915
28.0374302209853,12.3979259784344,15.5943336758685
27.9918340432483,12.327681887829,15.092995802195
27.9990002726834,12.3339104361007,15.119490057089
28.0061613858659,12.3401246736151,15.1458294435647
28.0133300934064,12.3463291172749,15.172006552352
28.0205107415567,12.3525116411016,15.1980096116052
28.0255285942456,12.2254091602824,14.906258314979
28.0331598843885,12.2316283393898,14.9336129619527
28.0407696470014,12.2378329439319,14.9607866171796
28.0483660345997,12.2440108009232,14.987787030593
28.0559605998714,12.2501757653109,15.0145987859578
28.0561025691204,12.1766369653112,14.8305893081791
28.0640191335151,12.1827942843967,14.8582511233032
28.0719637578656,12.1889177500939,14.8857140304794
28.0799408448112,12.1949225787616,14.9129922143674
28.0879306078082,12.2008808807191,14.9401016118462
28.0244708483618,12.1754550066754,14.5465463062496
28.0329916019204,12.1814768837165,14.5760774074034
28.0415425492302,12.1874560973765,14.6054411552469
28.0501192718179,12.1933945420822,14.6346197547018
28.0586988817959,12.1993209997682,14.6636240729216
28.0084066760531,12.1350876950464,14.3225263458341
28.0175629118455,12.1410389404923,14.3531822907855
28.0267213997,12.1469874939089,14.3836852610197
28.0359195401141,12.1528990134535,14.4140378885103
28.0451206146461,12.1588006150959,14.4442305034718
28.0477887079064,12.2125143512994,14.521804446679
28.056814683477,12.2183426884214,14.5513827447812
28.0658415822261,12.2241680387675,14.5807894862634
28.0748762767456,12.2299808741119,14.610022577232
28.0839196175996,12.2357820441228,14.63908061138
28.1180505339139,12.3253889956794,14.9401858942286
28.1266573587724,12.3310419825147,14.9672471298144
28.1352770466303,12.3366781008296,14.9941080951469
28.1439000042927,12.3422965561753,15.0207611612034
28.1525232513305,12.3478634342356,15.0472189292894
28.1428990013864,12.2331453221023,14.7487881583938
28.1521061847499,12.2388668528337,14.7767887906879
28.1612849312504,12.2445674312493,14.804622885084
28.1704474258859,12.2502409728287,14.8322800629807
28.1795988282386,12.2559001195175,14.8597369683152
28.1518845260297,12.3845060667136,14.9461881153249
28.1607284218647,12.390201764158,14.9733230626555
28.1695704763771,12.3958796194912,15.0002357533426
28.1784064619408,12.4015365274377,15.0269272295611
28.1872422786268,12.407179605819,15.0534080128203
28.2028245280878,12.3642848641609,15.0298223397298
28.2117859561918,12.3698253254249,15.0559609536733
28.2207474465983,12.3753452754304,15.0818791946134
28.2297138855106,12.3808510362725,15.1075873294757
28.2386859451662,12.3863424735607,15.1330857215209
28.1294238262984,12.3470999216858,14.6483234389402
28.1390331332609,12.3528596570712,14.6767356728706
28.1486169073177,12.3586075096748,14.704923170961
28.1581862852514,12.3643434286592,14.7328832228959
28.1677577874853,12.3700765443181,14.7605582371043
28.0886570033136,12.1787349930333,14.2455124278214
28.0990212719042,12.184723937255,14.2754161399718
28.1093895191732,12.190699538592,14.3051366946948
28.1197796840517,12.1966715391753,14.3346396847149
28.130172036206,12.2026488366858,14.3639850326151
28.1529533682782,12.1980231155461,14.4266874920833
28.1632629444576,12.2039594662586,14.4554593825939
28.1735673915839,12.2098889880052,14.4840786956693
28.1838657182244,12.2158097928066,14.5125446930532
28.1941602674869,12.2217233236938,14.5408505518607
28.3117026784619,12.3181195386446,15.0167544919885
28.3213692453673,12.3236157153292,15.0419005834587
28.331025714178,12.3290766883358,15.0668367265188
28.3406743577232,12.3345002440425,15.0914868303909
28.3503264218611,12.3399128771339,15.1159089377481
28.3324492415511,12.3637168194826,15.0500760225037
28.3421511368237,12.369229236457,15.0750022093913
28.3518390434968,12.3747367024353,15.0997451010165
28.3615170806222,12.3802353589289,15.1243040602694
28.371184194093,12.3856744802131,15.1487289983514
28.3090776152647,12.3404296492849,14.8494712639374
28.3192088482235,12.3462435643109,14.8758023911065
28.3293173466409,12.3520445794232,14.9019683801382
28.3394021802152,12.3578335948404,14.9279635323074
28.3494725032429,12.3636138734698,14.9537926786089
28.143586785435,12.3875135361424,14.4526944653302
28.1543022665665,12.3935778915735,14.4815226218706
28.1649986253115,12.3996040002397,14.5102548203182
28.1756699752528,12.4056051739385,14.538838746846
28.1863173686389,12.4116012270038,14.5672619072546
27.991892223549,12.4226852617785,14.0577048118592
28.0030312980929,12.4287795616905,14.0883580524383
28.0142092602212,12.4348877696936,14.1189087513738
28.0254127495993,12.4409853180239,14.149437890706
28.0366199636232,12.4471045560117,14.1798707605692
28.1159470543345,12.5392231057456,14.498969029632
28.1268712218101,12.5452500540266,14.5280161900818
28.1377758755869,12.5512522208136,14.5569056937334
28.148657948578,12.5572332859052,14.585589182402
28.1595276357349,12.5632152876306,14.6140973550588
28.2054992333711,12.5423061037276,14.6832258054503
28.2162718229228,12.5481897576081,14.7111250291079
28.2270386527659,12.5540165337078,14.7388623012005
28.2377863380748,12.5598365867314,14.7664053337862
28.2484945728585,12.5656546810835,14.7937737643711
28.3209327546515,12.6619309539031,15.0761955803167
28.3312946664264,12.6675667309894,15.1017800615719
28.3416189675562,12.6731862836066,15.1271724516735
28.3518962244007,12.6787815151498,15.1524127752524
28.3621480938579,12.6843641415907,15.1774384728743
28.2843049043685,12.6901896055691,14.985130238884
28.294913659669,12.6959688203625,15.0114018928628
28.3055139190429,12.7017265862735,15.0374782794993
28.3161090566308,12.7074419887625,15.0633418784834
28.3266918951411,12.7131245571368,15.0889897701188
28.1952316929613,12.7249349043117,14.8183422990905
28.206191840311,12.7308244606815,14.8457280387294
28.2171289082911,12.7366998923476,14.8729509867272
28.2280414652411,12.74257367316,14.8999654468871
28.2389151464088,12.7484302719186,14.9267625732844
28.1847896255083,12.6925162403329,14.7021685035918
28.1960025214314,12.6985095429954,14.7300212911252
28.2071920003636,12.7044615742937,14.757656978493
28.2183649804084,12.7104265694075,14.7850684607036
28.2295075184934,12.7163865045318,14.8123030344232
28.1728158034668,12.5883143197412,14.5370103736721
28.1841456108563,12.594350675829,14.5652350784437
28.1954580097811,12.6003913782106,14.593295923541
28.2067532483019,12.6064324635302,14.6211900208471
28.218028580719,12.6124717399618,14.6489157395264
28.2020665011775,12.6213836336092,14.6136431682428
28.2134108952781,12.6275061453308,14.6414650527965
28.2247336657556,12.6336300613794,14.6691171595
28.2360272094757,12.6397314841152,14.696661044769
28.2472833166083,12.6458243175881,14.7240613586161
28.1408701181774,12.4789117363195,14.3394304086642
28.1520296511885,12.4850521480743,14.3681130186549
28.1632307587947,12.4911967278914,14.3966268414306
28.1744238623167,12.497348453074,14.4250087359439
28.1855920240838,12.5034995191183,14.4532730531355
28.2074816640872,12.4814039439249,14.4768150000475
28.218539715106,12.4875283068443,14.5047338274663
28.2295811815123,12.4936347655619,14.5325468580485
28.2406021573796,12.4997358190676,14.5601959137002
28.2515705673904,12.5058235667625,14.587654232606
28.2378314119535,12.6714133818287,14.7663003151473
28.2487659692731,12.6774103605249,14.793063415741
28.259662859885,12.6833799689257,14.8195995211965
28.2705491148394,12.6893196046346,14.845917197849
28.2814168317026,12.6952407670614,14.8720367258303
28.2990942723788,12.6829969303057,14.8922820879973
28.3098641059129,12.6888765107994,14.9179557465214
28.3205755067869,12.6947379238794,14.9434474931611
28.3312327828089,12.7005525457747,14.968766185219
28.3418498539759,12.7063446476057,14.9939197428505
28.1018533807641,12.5459783088201,14.3751676383721
28.1124267410022,12.5520315678373,14.4028504766818
28.1229988726786,12.5580966235962,14.4304092919565
28.1335743741477,12.5641703374342,14.457857801301
28.1441621629897,12.5702458307402,14.4851497572645
28.1879735432127,12.5270590476238,14.4945224053216
28.198582806783,12.5332300839414,14.5216302775507
28.2091673219599,12.5393703278798,14.5485987687014
28.2197580720503,12.5455093533938,14.5754376425481
28.230334173097,12.5516302187258,14.6021571457113
28.2206002409888,12.5620160951975,14.5973186951804
28.2311658062519,12.568155559164,14.6239936019949
28.2417130916216,12.5742860898453,14.6505757489958
28.2522284904739,12.5804114071831,14.6770135261739
28.262691360517,12.5865216852424,14.7033113997167
28.1100879832591,12.5210168833057,14.3577584016079
28.1202024456258,12.5271440432467,14.3851699251963
28.1303230753381,12.5332893978235,14.4124989343493
28.140448291657,12.5394519631016,14.4397409603163
28.1505752144031,12.5456311892664,14.4668907061317
28.2130169471036,12.5160111351805,14.5389942122036
28.223135650214,12.5222420266181,14.5656611685761
28.2332456887394,12.5284820797124,14.5922148044325
28.2433433545937,12.5347309602858,14.6186517220368
28.2534325567546,12.5409756962787,14.6450101052205
28.2771945809862,12.4460009381642,14.5754445219858
28.286946239746,12.4521896537257,14.6016059034069
28.29668665888,12.4583764231205,14.627648992624
28.3064224363291,12.4645591447795,14.6535624115344
28.3161676879198,12.4707393591501,14.6793300295489
28.4162220562176,12.6317466600221,15.0299567046111
28.4261250780629,12.6378188911974,15.0541862526181
28.4359919398325,12.6438809132533,15.0782591795495
28.4458050276781,12.6499159302839,15.1021866913932
28.4555489619945,12.6559078665318,15.125988978448
28.3355303268006,12.5723989972042,14.8345936232706
28.3452577873713,12.5785729084123,14.8598633574839
28.3549534923799,12.5847367869545,14.8849979496925
28.3646138161379,12.590891478197,14.9100010121891
28.3742441033659,12.5970367724217,14.9348548241289
28.3762154634622,12.5787437115776,14.9238508214314
28.3857289466414,12.5848471897708,14.948444616724
28.3952080916735,12.5909399545706,14.9728860313208
28.404647652712,12.5970177637892,14.9971804906977
28.4140464045062,12.6030784081885,15.0213306302747
28.6963690865075,12.8047905069254,15.6826440501528
28.7049718885206,12.8100701879022,15.7024633555754
28.7135103489586,12.8153161801856,15.7221081777879
28.7220077264474,12.8205236405821,15.7416087421878
28.7304872886338,12.8256764685159,15.7609884442177
28.4162073081785,12.7270102030386,15.1992820270683
28.4253861822369,12.7328246557469,15.2225227285912
28.4345195083049,12.7386028884997,15.2455760586314
28.4436078746423,12.7443526104237,15.2684443501172
28.452645474604,12.7500819848919,15.2911333316594
28.4395134111144,12.8288267018104,15.3631672231679
28.4485375572828,12.8345949960713,15.3856109909302
28.4575071769713,12.840334199611,15.4078737114585
28.4664286820311,12.8460486176081,15.4299656243787
28.4753124186041,12.8517420882262,15.4518707215831
28.5005143197815,12.7387248892304,15.3625329239855
28.5091953371198,12.7442307411257,15.3841741160329
28.517828627884,12.749712066951,15.40563953166
28.5264169766033,12.755168393565,15.4269359876421
28.5349656902144,12.7605847478215,15.4480844407799
28.3687838470039,12.6646874111714,15.0895171327731
28.3773995102528,12.6703376321149,15.11254631318
28.3859839005164,12.6759662425592,15.1354221728661
28.3945312699865,12.6815689558911,15.1581375085643
28.4030425868171,12.6871493010528,15.1806969878005
28.3449188581892,12.6274894557,15.0130599333469
28.3533533423003,12.6331369511378,15.0362886576794
28.3617657085127,12.6387663245547,15.0593828375366
28.370155430493,12.6443755793671,15.0823428913585
28.3785168123278,12.6499614257993,15.1051705542811
28.4528563802186,12.8491675341952,15.4609204311273
28.4612833623005,12.8547576159821,15.4823105951442
28.4696479739823,12.860295134298,15.5035131038154
28.4779567280381,12.8657887850043,15.5245301053387
28.4862297181338,12.8712572993931,15.5453884942849
28.4789588373664,12.7998196138964,15.4455931121783
28.4871954071226,12.8053053970868,15.4666521115203
28.4953975656804,12.8107701909571,15.4875520833244
28.5035652520392,12.8162112254163,15.5082970338485
28.5117042572933,12.8216248381824,15.5288718638653
28.4696980672418,12.7972377950561,15.4454075184866
28.4778214425261,12.8026385168053,15.4662408136655
28.4859324894244,12.8080021533097,15.4869289310635
28.4940173573791,12.813343413002,15.5074562109259
28.5020665438894,12.8186525360575,15.5278302401359
28.4961103255326,12.731472041635,15.4145962868862
28.5040362867288,12.7365781939822,15.4349573037603
28.5119271034777,12.7416512913023,15.4551572289772
28.5197846132941,12.746694739695,15.4752128630207
28.5276021779035,12.751705811232,15.4951032064832
28.6404106165753,12.8589151054774,15.7943528084545
28.6478742030903,12.8635286043505,15.812208816507
28.6553038700765,12.8680993308268,15.8298878028917
28.6627032948288,12.872624667283,15.847390019063
28.6700560195861,12.8770883423312,15.8647211371076
28.5247691948004,12.8670568495828,15.6706250373227
28.5322816646466,12.8716720242709,15.6892538926747
28.5397654622949,12.8762543882924,15.7077153400123
28.5472213909431,12.8808064458549,15.726012176009
28.5546606936602,12.8853241308406,15.7441577268012
28.7021701897087,12.9094006509602,15.9745173563963
28.7092203681098,12.9133678663442,15.9904519058712
28.7162473273957,12.9173054627975,16.0062288667639
28.7232505238028,12.9212023837103,16.0218478166983
28.7302327433891,12.9250575430399,16.0373062950895
28.5912811810747,12.7157258652976,15.5705405957143
28.5987375058258,12.7197637260575,15.588195875341
28.6061743494938,12.723761960492,15.6057116721605
28.6135930788826,12.7277181262944,15.6230778811121
28.6209868276207,12.7316312112588,15.6402900940235
28.6439846315513,12.6551014340976,15.5592987909439
28.6513185425977,12.6587112413698,15.5762514458221
28.6586371597698,12.6622791463689,15.5930584646232
28.6659372693912,12.665805740121,15.6097213645604
28.6732254713079,12.6692928288626,15.6262380213439
28.7736460587549,12.6376674184925,15.7174885748007
28.7806360566473,12.6403115633017,15.7322544754962
28.7876104730895,12.6429132944486,15.7468848519114
28.7945713477182,12.6454653918148,15.7613717404084
28.8015189055282,12.6479694849842,15.7757207889957
28.7861535616526,12.6901183769418,15.8227388308718
28.7930981001616,12.6926997000511,15.836966127454
28.8000258429061,12.695234966099,15.8510332588813
28.8069417707407,12.6977265595257,15.8649473669246
28.8138425416722,12.7001741565764,15.8787021571444
28.9679473574463,12.3902406941519,15.5472006145637
28.974732365775,12.3923318312931,15.5611691792046
28.9815119838445,12.394383715628,15.5750105705667
28.9882836010297,12.3963922948281,15.588716195281
28.9950521670021,12.3983501079969,15.6022866239386
28.9806864130275,12.1454759999832,15.0771979703737
28.9874347023274,12.1486752302803,15.0944784322389
28.9941855047556,12.1518246053956,15.1116037670622
29.0009497584937,12.1549303311454,15.1285776826037
29.0077294137024,12.1579883792301,15.1454069321662
29.0743747753507,12.0088609782093,14.9570941996848
29.0807030721532,12.0121712695745,14.9752075726509
29.0870605043258,12.0154384554466,14.9931547953459
29.0934471384634,12.0186658950864,15.0109383174075
29.0998729605375,12.021847857515,15.0285448269401
29.1584411107869,11.8465711106872,14.6539386453509
29.1639715789064,11.8512521923655,14.6754517184981
29.169556185536,11.8558645766693,14.6967236118806
29.1751819860812,11.8604029855851,14.7177649585453
29.1808510975957,11.8648748215193,14.7386003264204
29.2580821327325,11.8181276262741,14.7408243671018
29.2633573143949,11.8227766079566,14.7619295983199
29.2686844122206,11.8273656471169,14.7828057772367
29.2740613944241,11.8318985895436,14.8034562377974
29.279488377373,11.8363785619747,14.8238824891253
29.2977303427162,11.9191475272342,15.2027382516663
29.3036052805426,11.9220336572871,15.2191088316624
29.3095066576984,11.9249026885724,15.235322099306
29.3154318590432,11.9277563609866,15.2513795812395
29.3213819107529,11.9305925816033,15.2672813460667
29.2804259565091,11.9153174278184,15.2828713675189
29.2865678431601,11.9177300369438,15.2983662356252
29.2927354572183,11.9201361034398,15.31371769035
29.2989259197885,11.9225342558279,15.3289331059359
29.3051410350216,11.9249299004981,15.3440105621754
29.3140697437455,11.909092727183,15.2060380666376
29.3202919953239,11.9121611159033,15.2221249713858
29.3265566959015,11.9151890407911,15.2380947721732
29.3328614504197,11.9181968144728,15.2539309502808
29.3392006490517,11.9211982061546,15.2696287623794
29.2664264345477,12.0406106074028,15.3462104799224
29.2733732686966,12.0433109800588,15.3608893799502
29.2803438408488,12.0459888519109,15.3754414389749
29.2873184379172,12.048586351673,15.3898752684333
29.2943154272064,12.0511666312025,15.4041813693137
29.2449496506831,12.1190847450935,15.4339042515757
29.252270125902,12.121611086461,15.4478416132543
29.2596174942066,12.1241199141746,15.4616548970925
29.2669858317707,12.1266168781582,15.4753384417871
29.274374849443,12.1290862991888,15.4888615020953
29.3650226386135,12.1057908574022,15.6585239152872
29.3721024928368,12.1078626854683,15.6705262776325
29.3792018205813,12.1099330579768,15.6824189976457
29.3863242735893,12.1120110967041,15.6942056985746
29.3934643458928,12.1140974181764,15.7058847773476
29.3896846320025,12.0046758989786,15.3476675650568
29.3966724185906,12.0077879051287,15.3621180381832
29.4036800957601,12.0108960368363,15.3764334762799
29.4106773208459,12.0140016591841,15.3905829318699
29.4176692154878,12.0170769685145,15.4045536077843
29.3823631967688,12.0241219779498,15.2713846438343
29.3893838224195,12.0274730688665,15.2862274022485
29.3964316719834,12.0308173744214,15.3009360297533
29.4034988375177,12.0341523676561,15.3155086754221
29.4105890001646,12.0374794606015,15.3299526035731
29.4006410718938,12.0410711930029,15.2277067102198
29.407637946432,12.0447326127544,15.2429951570161
29.4146610884133,12.0483799068067,15.2581602842572
29.4217194891326,12.0519863095853,15.2731583148564
29.4288009557425,12.0555657800586,15.288019071065
29.3521773403098,12.127403470421,15.2978861060243
29.3596518064873,12.1308695512004,15.3126245383278
29.3671437433548,12.1343293475922,15.3272302889655
29.3746424227179,12.1377827428351,15.3417104111854
29.3821590352683,12.1412223968238,15.356081259873
29.2743195542999,12.2573677182529,15.4726717969878
29.2824298475696,12.2603908377353,15.4860707042231
29.290558292775,12.2634014760958,15.4993622238824
29.2986725115612,12.2663959571153,15.5125174283067
29.3067997019196,12.2693603180805,15.5255646154136
29.3525976010138,12.1282951482292,15.273294848082
29.3603585508201,12.1314550790397,15.2874076226889
29.3681384013085,12.1345913242397,15.3013887867906
29.3759312453155,12.1377008726458,15.3152645054769
29.3837141421342,12.1407715140475,15.3290285638618
29.3117729899704,12.0691108699239,14.8365063142108
29.3190214996856,12.0733300448498,14.8538778269686
29.3263009800901,12.0775068364876,14.8711069954388
29.3336114781313,12.0816473118562,14.8881806763643
29.3409502670949,12.0857552332668,14.9051017908442
29.3179186020623,12.2293071600616,15.2953184504805
29.3259868283091,12.2326503635887,15.3094400860395
29.3340554472393,12.235963995946,15.3234619852143
29.3421340391867,12.2392535974867,15.33736732887
29.3502314288687,12.2425201972509,15.3511479103577
29.3629086296553,12.2263033129683,15.3860076684657
29.3710987334575,12.229173805678,15.3989763153
29.3793022143845,12.2320236068941,15.4118216274767
29.3875188477836,12.234852615038,15.4245443282085
29.3957389234538,12.2376599386291,15.4371472180546
29.4267004256466,12.3254935229972,15.8079709558606
29.4352569950275,12.3273922211112,15.818011673839
29.4438190290873,12.3292737382755,15.8279544422729
29.4523845448197,12.3311419800936,15.8377898969525
29.460925560445,12.3329644692815,15.8475507472873
29.3886191106424,12.4537317609683,16.0398879719267
29.3976050564848,12.4550158665019,16.0484217954465
29.4065930944025,12.4562827534307,16.0568530176258
29.4155748023041,12.4575274352161,16.065184556598
29.4245388023247,12.4587500872049,16.0734141392417
29.4793032610458,12.1866498724218,15.43475110644
29.4874404721897,12.1887150917604,15.4458191605398
29.4955531179196,12.1907601685687,15.4567954189928
29.5036399373398,12.1927816116115,15.4676499573025
29.5117076237451,12.1947810773539,15.47838094967
29.4307838947048,12.4132585772147,15.8685185650101
29.4395953837556,12.4146759512827,15.8772259496594
29.4483994584059,12.4160776544032,15.8858198474721
29.4571428518406,12.4174321083363,15.8943294916615
29.4658608947027,12.4187642564303,15.9027013024678
29.5011001460756,12.2730429281018,15.4343305174461
29.5090181015309,12.2756590163937,15.4457302285223
29.5169235940599,12.2782429002393,15.4569680029951
29.5247989554235,12.2808264715203,15.4680936560736
29.5326661143457,12.283390470432,15.4791124089326
29.4408395198864,12.254067520526,15.0931744773817
29.4484971342299,12.2573933997878,15.1067855502745
29.4561425587047,12.2607031675388,15.1202836084534
29.463786935025,12.2639948596498,15.1336401752576
29.4714323386855,12.2672573321618,15.1468589225245
29.5870206794737,12.2829998271253,15.427161968664
29.5945500386047,12.2860287268507,15.4387760787452
29.6020761390398,12.2890291705187,15.4502911875467
29.6095737730221,12.2919875193113,15.4616308210611
29.6170534168154,12.2949089496263,15.4728310415489
29.5217751083817,12.5940053293805,16.1117267397336
29.5302537287926,12.5961877747853,16.1198681885123
29.5387285634879,12.5983488921475,16.127886267333
29.5471915792343,12.600489863292,16.1357824921012
29.5556381091878,12.6026089428313,16.1435829841331
29.5806491534601,12.6553945754292,16.3695766214537
29.5891618940207,12.6570013111129,16.3760707126165
29.5976583595095,12.6585692599228,16.3824496172655
29.6061233552893,12.6600764874663,16.3887343593366
29.6145672684751,12.6615579928073,16.394921703018
29.5877392567519,12.8701338826615,16.8742850377354
29.5963699387731,12.8718656461904,16.8794908965505
29.6049918346294,12.8735879948656,16.8845825522388
29.613586566428,12.8752935347669,16.8895742840188
29.6221681812275,12.8769870635065,16.8944331361373
29.6233997440545,12.9748878394407,17.1575728825329
29.6319546377819,12.9766462075569,17.1619144027785
29.6404772989202,12.9783432619024,17.166183890003
29.6490017655114,12.980002411906,17.1703320353235
29.6575303554074,12.9816007474984,17.174337524176
29.7566403223177,12.9484076333185,17.3820530907438
29.7648727839566,12.9494529894428,17.384465601081
29.7730941471066,12.950470692149,17.3867409803223
29.781296436148,12.9514700911165,17.3888842657969
29.7894702120021,12.9524579558591,17.3909223094706
29.824627258865,12.8523365393,17.1772751065126
29.832761226665,12.853033063534,17.1789947022838
29.8408745379986,12.8537115295627,17.1806424018107
29.8489735746357,12.8543748365935,17.1822044647878
29.8570541289195,12.8550064150923,17.1836986066317
29.809855057869,12.9785661767189,17.3715657356606
29.8180250131823,12.9794864388221,17.3733761316184
29.8262020795649,12.9803408584198,17.3750877624208
29.8343465767411,12.9811717305795,17.3767317418624
29.8424771036266,12.9819794629254,17.3782692210417
29.9056805043299,12.8738289131057,17.2342829802796
29.913541231291,12.8742298081868,17.2350905860695
29.9213771344511,12.8746132327171,17.2357753828989
29.929160985907,12.8749790938187,17.2363869712094
29.9369225768443,12.8753332155338,17.2369048664112
29.9396036766585,12.6154353978069,16.3351653078746
29.946816315981,12.6162732598622,16.338324229935
29.9540028165164,12.6170827649068,16.3413890340673
29.961135670748,12.6178699088263,16.3443975637127
29.9682446265609,12.6186341092992,16.3473093408604
30.0270869429923,12.4827297297308,16.1238162598655
30.0336863708662,12.4834165166347,16.1271347444058
30.0402595146106,12.4840840079047,16.1303720401138
30.0468118582502,12.48473693676,16.1335308461009
30.0533434510953,12.4853742171419,16.1366109584133
29.9427752853858,12.6063909688272,16.1799272204102
29.9499461432152,12.6067109139969,16.1825034868985
29.9570961863685,12.607011121841,16.1849852579131
29.9642183186434,12.6072865517954,16.1873634012708
29.9713111404332,12.6075447868313,16.1896439072283
29.9181348925499,12.6840730124535,16.2913958220378
29.925616806402,12.6838817523651,16.2927514615424
29.933072655627,12.6836642305213,16.293993648806
29.9405005005679,12.6834310022546,16.2951255773604
29.9478921273591,12.6831566608748,16.2961972098855
29.8393938505484,13.0410554808805,17.111660762468
29.847726692076,13.0399944696335,17.1108278982848
29.8560430591525,13.038900685442,17.1098406458109
29.864334794568,13.0377451001852,17.1087430041279
29.8726056378143,13.036532020497,17.1075101312915
29.8084881907502,12.9514566253439,16.6269370525215
29.816710646792,12.950450484975,16.6264297700173
29.8249152785478,12.9494232079975,16.6257817327196
29.8330871116547,12.9483679582613,16.6249977058423
29.8412353491527,12.9472868106876,16.6240772379458
29.9273974611326,12.8843095508557,16.6572855310457
29.9352186840306,12.8830719637734,16.6555759759523
29.9429947719868,12.88180993228,16.6537030438825
29.9507151106903,12.8805369125005,16.6516699546836
29.9584093390594,12.8792315226772,16.649501795405
29.9094513321289,13.0914090736043,17.1512738237196
29.9175233175713,13.0899066929658,17.1485026943318
29.9255723437661,13.0883596964894,17.1455938482829
29.9335464894553,13.0866945933449,17.142618770481
29.9414699223329,13.0849647004425,17.1395642951428
30.0781215855573,12.7747234925065,16.6227586917474
30.0853330330028,12.772413914871,16.6187360543973
30.0925155397311,12.7700635169778,16.6146333944583
30.0996693838465,12.7676686226162,16.6104747612781
30.1067875550778,12.765243639174,16.6061957327989
30.076704510583,12.5687786207666,15.9251977575467
30.0833702620337,12.5669274526401,15.9236475193043
30.089978647508,12.5650640978308,15.9220807318873
30.09655597966,12.563201613252,15.9204644704511
30.1030818222867,12.5613036263665,15.9187634442222
30.1123083440109,12.3838716244322,15.4687071732762
30.1182708240471,12.3824792149291,15.4693898839778
30.1241977241142,12.3810991691258,15.470047269125
30.1301008806063,12.3797316128028,15.4706988333251
30.13597715457,12.3783811859262,15.4713388413779
30.1454785255006,12.5629318239894,16.0662916356048
30.1520317507298,12.5598637012672,16.0621015494935
30.1585564831539,12.5568057775087,16.0578914941812
30.1650512096643,12.5537579117328,16.0536639360972
30.1715179641637,12.5507256496038,16.0494179394258
30.2025959579932,12.5506950540494,16.2508653946423
30.2091360387565,12.5463214594589,16.2440313372085
30.2156380161452,12.5419709460464,16.2371927182736
30.2221003994687,12.5376391193644,16.2303550600999
30.2285031549889,12.5333506378605,16.2235298840381
30.2420789046047,12.6449029546092,16.5812120119589
30.2486315054169,12.6401309652972,16.5725299813676
30.255140840499,12.635384209648,16.5638157324817
30.2616115880164,12.6306585429897,16.5550772430935
30.26804720933,12.6259473749035,16.5463291695458
30.1712852771029,12.9792347577094,17.1531080184266
30.1784158574969,12.9746068350995,17.1438952208372
30.1855160928063,12.9699420189581,17.134558714658
30.1925841149245,12.9652448470654,17.1251076064416
30.1996309329801,12.9605134036622,17.1155187589274
30.1759753561817,12.9812250251779,17.0384662680463
30.1830831610662,12.9768530104574,17.0293688368918
30.1901694940967,12.9724504852244,17.0201425603317
30.1972400331645,12.9680235415376,17.0107970913724
30.2042969892914,12.9635591764845,17.0013533313338
30.2278689920159,13.0226156177589,17.2829519957056
30.2348565780664,13.0175554606674,17.272362159813
30.2418081949307,13.0124333039956,17.2616252851617
30.2487194762124,13.0072645237404,17.2507782043167
30.2555941471723,13.0020596370851,17.2398282759824
30.3309284150957,12.7641251947948,16.7745130475914
30.337176176946,12.7593271588176,16.7641876783404
30.3433794397687,12.7545347320253,16.7538688819091
30.3495446284513,12.749761044613,16.7435516284662
30.3556705839244,12.7450163391516,16.73323619789
30.2813448846542,12.8689285279478,16.762607223121
30.2878927897128,12.8644268674463,16.7528402542619
30.2944006871627,12.8599284107961,16.7430417023895
30.3008654305275,12.8554511703404,16.7332272240498
30.3072628138224,12.8509720630595,16.7233652166578
30.4100243970291,12.4863176133737,16.048351642688
30.4150955558891,12.4832357289668,16.0425932452538
30.4200995870567,12.4802525947357,16.0369869524343
30.4250567453447,12.4773404653328,16.0315054135605
30.4299785046522,12.4744937502861,16.0261328327643
30.3695594431142,12.7997510569156,16.7835591308175
30.3755597159564,12.7946285698684,16.7723760550555
30.3815004466203,12.7895252873579,16.761241639816
30.3874065205605,12.7844488072401,16.7501417438936
30.3932610279071,12.7793970813198,16.7391177312386
30.4250903277856,12.6102386733637,16.3535412994318
30.4304163991927,12.6061574880694,16.3450569201544
30.4357039681014,12.6021309573545,16.3366620348278
30.4409586116168,12.598167814875,16.3283607889157
30.4461786023808,12.5942700728652,16.3201649507564
30.4787297701632,12.4647960600533,16.1880758382137
30.4834807725236,12.4608041171465,16.1803434539657
30.4881910455835,12.4569050268283,16.1727693405804
30.4928373756748,12.453104874077,16.1653836489659
30.4974445915765,12.449393149068,16.1581432565028
30.5193676458362,12.2290194427063,15.5593542048714
30.5230452442763,12.2278290736617,15.5586408714195
30.5266634916248,12.2266985561565,15.5580375500193
30.5301931658027,12.2255979781103,15.5575010396446
30.5336983307951,12.2245667751883,15.5570740670111
30.5462548625386,12.3622831308144,16.0445918698978
30.5501895162543,12.3597565916389,16.039575033016
30.554085301673,12.3573310448791,16.0347269279351
30.5579507180038,12.3549955305495,16.0300358542462
30.5617846694227,12.3527485641633,16.0254997838008
30.5629039698464,12.3519798556251,16.0423899203388
30.5666847536693,12.3496457088888,16.0377390117251
30.5704242890657,12.347373621059,16.0332823487649
30.5741236147015,12.3451756628772,16.0289997170848
30.5777823210163,12.3430639766818,16.024873992422
30.5621597745134,12.4845431847675,16.3769813958866
30.566290419114,12.4810992449864,16.3694219297956
30.5703806938909,12.4777485839495,16.3620502446201
30.5744321802044,12.4744811156823,16.3548524433396
30.5784426020288,12.4712963994364,16.3478357383617
30.6084761116924,12.2011767743979,15.9605745794594
30.6115811583132,12.1993445415982,15.9573975156566
30.6146524388156,12.197604747923,15.9543809934672
30.6176785466371,12.1959482503193,15.951552180742
30.6206797457527,12.194380649753,15.9488967661751
30.6198071048537,12.1527657962153,15.7854189226633
30.6226545180917,12.1518396322696,15.7845354626238
30.6254827068995,12.1509986593633,15.7837861301149
30.6282594113571,12.1501986038939,15.7831842849021
30.6309940374214,12.1494293089301,15.7827149455312
30.6191641845661,12.2432814245276,16.3909722637031
30.6222917980129,12.2401952366349,16.3844575580599
30.6253949657864,12.2372353936269,16.378158318834
30.6284713015799,12.2344032710022,16.3720474871357
30.6315208127805,12.2316951300158,16.366114825784
30.6694315455847,12.0750885444041,15.9465519452303
30.671860633898,12.0749098395497,15.9460175513241
30.6742475607052,12.0748061502231,15.9456083386655
30.67661833266,12.0747652755904,15.9453309227749
30.6789264618005,12.0747015148286,15.9451056255181
30.6680925649244,12.134761987393,16.0807176566019
30.6705645798739,12.1340570303856,16.0789290224285
30.6730154623856,12.1334184404231,16.0772677877247
30.6754568907372,12.1328572852683,16.0757206423058
30.6778961807382,12.1323766366303,16.074290138651
30.6826856800267,11.9678200680618,15.4938473622057
30.6845719086203,11.9690363691474,15.4979277182619
30.6864568180581,11.9703006538615,15.5020447387077
30.6883448620329,11.9716152766521,15.506189205506
30.6902272279698,11.9729727414867,15.5103551772717
30.6919073695088,12.1698010635345,15.8432543163192
30.6942087921192,12.1703537285397,15.8443178660051
30.6965134647246,12.1709567205175,15.8454230819284
30.6988038750423,12.1715978441715,15.8465813744239
30.701075980101,12.1722402602091,15.8477919215261
30.7071387908528,12.0546649802868,15.6488315071464
30.7091210154618,12.0559134647118,15.6520267058716
30.7111041617746,12.0571966650647,15.655244677715
30.7130816194688,12.0585212198593,15.6584669423272
30.7150453928263,12.0598755011249,15.661646704099
30.7273579383315,12.0288138000804,15.41634436345
30.7290162765919,12.0308873801649,15.4219441416571
30.7306739746577,12.0329828123304,15.427533433168
30.7323502098047,12.0351000419005,15.4331157382461
30.7340450661722,12.0372391030533,15.4386902612951
30.7218983230725,11.9978084611458,15.1811735968606
30.7234280484004,12.0002630241956,15.1884802665949
30.724978183006,12.0027376829467,15.1957730566134
30.7264817383156,12.0052121815041,15.203079532469
30.7279822543389,12.0076826107427,15.210383259995
30.7450939520391,11.8853286641843,15.0438379377037
30.7462659868244,11.8884951754254,15.0532635540402
30.7474310569511,11.8916246635777,15.0626824663315
30.7486152622542,11.894765023012,15.0720788962137
30.7498154841294,11.8979106037235,15.0814696192882
30.7576503664969,11.8717112154838,14.9418971498582
30.7587359712705,11.8752445781013,14.9526506074601
30.7598260539915,11.8787819674992,14.9634023172223
30.7609293838652,11.8823254673589,14.9741346138767
30.7620544711679,11.8858782076734,14.9848469020129
30.7566875117945,11.80016491651,14.860250789078
30.7576979547112,11.8040110652616,14.8720488335132
30.7586814230014,11.8078434821875,14.8837990286479
30.7596211288246,11.8116539932502,14.8955427006359
30.7605699150987,11.8154686742074,14.9072484881264
30.7612174084463,11.8335518508175,14.947061196315
30.7621630567002,11.8371322260872,14.9583961387604
30.763119104154,11.8407122725115,14.96971986605
30.7640350960924,11.8442838523868,14.9810687431474
30.7649600454443,11.8478686877322,14.9923797829347
30.7600955961324,11.7037087572387,14.7249505990672
30.7607754829609,11.7079988110653,14.7384851138385
30.7614816671881,11.712291812467,14.7519640849859
30.7622144367269,11.7165856367156,14.7653923825379
30.7629733945079,11.7208837717106,14.7787667043698
30.7675139660846,11.7757738640095,14.9024723725648
30.7684150617856,11.7798541706282,14.9149545739726
30.76932967681,11.7839459074261,14.9274031775652
30.7702479165099,11.7880369671726,14.9397288964884
30.7711894195554,11.7921309210256,14.9519810313048
30.7660325459259,11.7255596254637,14.9434885749225
30.7669020016782,11.729823102842,14.9560942237027
30.7677879238398,11.734090064444,14.9686450318636
30.7686965871814,11.7383617881985,14.9811406207384
30.7695963891879,11.7426286530977,14.9935947768637
30.7629730102092,11.6076350135834,14.8155999643637
30.7635873456742,11.6124964819582,14.8295703903176
30.7642041614813,11.6173726724223,14.8434749510088
30.7648470156743,11.6222487056987,14.8573151330614
30.7654956471282,11.6271314007566,14.871098655418
30.7457697545324,11.4870801806484,14.4356120200553
30.7460830745067,11.4926436119845,14.4519100475947
30.7463940189583,11.4981962495204,14.4681029898759
30.7467317164515,11.5037290160891,14.4841794835961
30.747096478341,11.5092469525798,14.5001365207237
30.7475737892982,11.3624975388545,14.3816261683234
30.7477716947575,11.3688335829614,14.3991664078392
30.748004672277,11.375127348111,14.4165420764015
30.7482799312582,11.3813531317469,14.4336661916642
30.7485651646908,11.3875122226286,14.4507133445721
30.7711609710749,11.3702261180341,14.3668400868685
30.7714144044578,11.3769086163732,14.3851601238363
30.7716867688649,11.3835367718267,14.4033147206146
30.7719399031906,11.3900957250471,14.4212691165437
30.7722146188227,11.3965988933109,14.4390366777961
30.761193726961,11.5429466152281,14.4510272227354
30.7616592819756,11.5485814885703,14.4672629971058
30.7621452858971,11.5541876391927,14.483364964924
30.7626581722838,11.5597631463744,14.4993268925923
30.7631936795015,11.5652911602311,14.5151406295558
30.7639721904689,11.7100856129132,14.7808691914957
30.7647574575534,11.7150048324296,14.7945938765349
30.7655616646347,11.7199116880675,14.8082298862425
30.7663759137314,11.7248004208732,14.8217614402017
30.7671776120992,11.7296646831776,14.8351823960919
30.7522766601836,11.798162497197,14.8642708791149
30.7531784932858,11.8027901425995,14.8770494752221
30.7541013339047,11.8074092091084,14.8897548830619
30.7550252163468,11.8120004952812,14.9024206336129
30.7559764979938,11.8165769541926,14.915001639359
30.7550186108286,11.6516900819591,14.6318855196173
30.7557247618634,11.6566347483903,14.6459340828957
30.7563802367434,11.6615603397626,14.6598700797849
30.7570243469727,11.6664482838423,14.673683544276
30.7576898730395,11.6713105322671,14.6873664057147
30.7612058785517,11.5397068954168,14.5880884588751
30.7616968454986,11.5449716851928,14.6025818455933
30.7622074527655,11.5501933910282,14.6169606757276
30.7627304983191,11.5553705894673,14.6312145961153
30.7632681864633,11.5605369396089,14.6453526388405
30.755711463948,11.7294352051133,14.7566534594156
30.7564361295724,11.7340968509205,14.7695672606865
30.7571880866004,11.7387360853092,14.7823796482344
30.7579642023602,11.7433556674563,14.7950927295618
30.7587471660688,11.7479578302933,14.8077141713922
30.7998778395978,11.75943832828,14.9822593629367
30.8006918377731,11.764135402663,14.9946153383181
30.8015127163956,11.7688096492908,15.0068730383018
30.8023568668865,11.7734643351778,15.0190259430704
30.8031925451079,11.77811271129,15.0310456155795
30.7836004205692,11.623271226855,14.4704596597032
30.7841259199747,11.6284139329093,14.485276511758
30.7846480386503,11.6335137682216,14.4999289236865
30.785190919935,11.6385760278796,14.5144261551751
30.7857287079502,11.6435841407356,14.5288695945834
30.7644866985764,11.4656184926357,14.1144451853127
30.7647587072368,11.4712560044999,14.1315128040267
30.7650382554422,11.4768391049587,14.1483751656282
30.7652952730337,11.4823612406986,14.1650470572081
30.765559874073,11.4878358559282,14.1815198410276
30.776764512931,11.5780887896565,14.3993032974263
30.777195810373,11.5831325148551,14.4140518345163
30.7776282564006,11.5881466407864,14.4286488967511
30.7780377600681,11.5931514012082,14.443127588609
30.7784537413498,11.5981173781164,14.4574369854851
30.767430100889,11.5452188621096,14.3841657906386
30.7677753664789,11.5502111346932,14.3986713981902
30.7681416837757,11.5551627862115,14.4130015259004
30.7685074506422,11.5600831484923,14.4271697909787
30.7688685554823,11.5649631127911,14.4411761245628
30.7512811002604,11.4162038692096,13.8967956472434
30.751396588111,11.4218964645557,13.9144844297808
30.7515259156482,11.4275391317196,13.9319593359863
30.7516505533754,11.4331799070169,13.9493542004046
30.7517926260242,11.4387698381637,13.9665339838072
30.7337497835846,11.5489812494563,14.250135376117
30.734068228536,11.5537189519465,14.2643319802686
30.7344171724196,11.5584199942077,14.2783678609889
30.7347982081005,11.5630853116055,14.2922412773068
30.73519145366,11.5677216102253,14.3059782888707
30.7611712539697,11.2567061653705,13.8588454543516
30.7611592169042,11.262897600476,13.876746125779
30.7611657937723,11.2690581427411,13.8945151229199
30.7612008310146,11.27516297218,13.9120689973055
30.7612247976648,11.2812080780172,13.9294299952309
30.7584149896465,11.5303521881752,14.5450282011655
30.7587958681834,11.5350080901248,14.5575122506576
30.7592002691478,11.5396305318926,14.5698507910981
30.759629876687,11.5442193864521,14.582044872468
30.7600787552775,11.5487749968803,14.5940961124434
30.769958609591,11.4927214324532,14.4744941899984
30.7703278917413,11.4975713809662,14.4873937920351
30.770683864173,11.5024098572352,14.5002783953914
30.7710478071868,11.5072196129777,14.5130724684211
30.7714134677202,11.5119835045146,14.5257414999118
30.7692227452266,11.4557561397973,14.398058182308
30.7695310092667,11.4607343929414,14.4114282834564
30.7697884445473,11.465670215582,14.4246822783666
30.7700455122557,11.4705679626024,14.4378102348536
30.7702759537715,11.4754169904752,14.4508861420146
30.7091880028294,11.5465050844129,14.2293220802683
30.7095735627009,11.5508702455728,14.2424704440363
30.709991077383,11.5552018698522,14.2554854931066
30.7104298701339,11.5595015939409,14.2683763746931
30.7108665509689,11.563798643781,14.2812419364056
30.707083527625,11.5036152394103,14.3161592771314
30.7074988065865,11.507910442915,14.3285779095522
30.7079375007052,11.5121924016738,14.3409261087867
30.7083863955227,11.5164507651052,14.3531920696983
30.7088581413641,11.5206968423463,14.3653505544343
30.6999077387198,11.5078210244468,14.4728487822491
30.70041554529,11.5119012212369,14.4841186991597
30.7008785588243,11.5159444384545,14.4953093656805
30.7013724820225,11.519986968937,14.5064091350122
30.7019005610506,11.524009793773,14.517396420184
30.7043375677957,11.438315520669,14.2863856555563
30.7047433450712,11.4426480928258,14.2986774659496
30.7051668998407,11.4469612538932,14.3108827070991
30.7056243870938,11.4512658125128,14.3229908285706
30.706122803836,11.4555501907862,14.3349824013466
30.7563254793739,11.3509722300625,14.3227030984652
30.7566197964714,11.3557953126295,14.3355641347085
30.7569260548805,11.3605909711686,14.3483249476408
30.7572496870893,11.3653548649533,14.3609875528431
30.7576051212621,11.3700955282929,14.373546352432
30.7901967459961,11.2057256613278,13.9814768741454
30.7903787390005,11.2113726208635,13.996917857032
30.7905879775978,11.2169925803917,14.0122217750947
30.7908172933014,11.2225834443003,14.027390303579
30.7910466949139,11.2281444676333,14.0424388345014
30.8069654312717,11.072687212786,13.5351769519613
30.8071199095707,11.0791670023937,13.5534725193184
30.8073035383469,11.0856015402572,13.5715819067533
30.8075145911128,11.0919919470771,13.5895075499938
30.807750602254,11.0983387507182,13.6072521629226
30.8245299691387,10.8963509113239,12.8262930641211
30.8248721980071,10.9046257879054,12.8508283793456
30.8251946854358,10.9128178107017,12.8750716250856
30.8255177643741,10.9209192432815,12.8990082600237
30.8258440416747,10.928934250113,12.9226490636408
30.8281376792949,10.9887832756691,13.4346305233375
30.8283426224966,10.9958417802696,13.4539203149065
30.8285528575671,11.0028476980522,13.473016296559
30.828789834686,11.0098020981282,13.4919035796548
30.8290518307657,11.016704555825,13.5105905839727
30.7487576196222,11.3796808933017,13.9716730943782
30.7494665925245,11.3845281002873,13.9852448325624
30.7502111132744,11.3893531514225,13.9986815144923
30.7509556086546,11.3941511262506,14.012013828482
30.7517131096046,11.3989297999288,14.0252263947519
30.7622656878765,11.3672321376868,13.9618919354791
30.7630038670842,11.3721372577278,13.9754032912588
30.7637824490882,11.3770213695463,13.9887769713597
30.764600229515,11.3818855386432,14.0020195230061
30.7654609654548,11.3867288638848,14.0151239384176
30.7571341140874,11.4165139439356,13.7619022058672
30.7580787006333,11.4211789422603,13.7757158887986
30.7590590350181,11.4258224007854,13.7893858168624
30.7600738202989,11.4304443490103,13.8029178394601
30.7611162479063,11.4350444384792,13.8163229306738
30.8146788336043,11.1570234478182,13.1812159347824
30.8153999727741,11.163038784417,13.1993435138375
30.8161279589885,11.1690062013917,13.2172870586762
30.8168796761284,11.1749304246351,13.2350359850246
30.8176456724788,11.1808125606505,13.2526020090521
30.8424331172297,11.0163348844337,13.232521123148
30.8430943791075,11.023021567576,13.2509361428289
30.8437754220083,11.0296621919888,13.2691614045048
30.8444615963385,11.0362620049747,13.287223390917
30.8451659176502,11.0428187240678,13.3051061832017
30.8234032297281,11.1434221320215,13.2197866832805
30.8242292515946,11.1493506519108,13.2370522110346
30.8250714598691,11.1552414897556,13.2541490206536
30.8259330845281,11.1610948252209,13.2710778947569
30.8268091015832,11.1669166651787,13.2878503700538
30.8481344995895,10.9664374794212,12.7950596436171
30.8490390064609,10.9737847242745,12.8165671345672
30.8499434830724,10.9810697358036,12.837831142345
30.8508440570589,10.9882952284585,12.8588619978479
30.851749885339,10.9954580687354,12.8796537518094
30.8444652028196,11.0276298838699,12.8443522133706
30.8454096193239,11.0345094860589,12.8647538448319
30.8463588033016,11.0413306305285,12.884932334223
30.8473123740554,11.0480950205565,12.9048893540706
30.8482706925336,11.0548040912928,12.9246439250786
30.8446082794864,10.9735686712292,12.6428925538801
30.8456919372656,10.9809077619341,12.6649819630587
30.8467669247398,10.9881788303551,12.6868192517297
30.8478393786825,10.9953844738329,12.7084083525391
30.8489038288058,11.002510681997,12.7297815628521
30.83925114225,11.0406321140688,12.6978442838078
30.8403744666755,11.0473988675846,12.7186661626008
30.8414983869569,11.0541043799432,12.7392524682004
30.8426258753262,11.0607512900727,12.7596055709953
30.8437504623805,11.0673423038579,12.7797438035911
30.8368052703548,11.2409270008355,13.296682519762
30.8379600011293,11.2462550135652,13.3122240301997
30.839125045127,11.2515512637618,13.3276598744039
30.8403043524681,11.2568203800866,13.3429718064499
30.8414948784177,11.2620629452732,13.3581604999233
30.8582591955091,11.1560542082657,13.2686685448085
30.8593464285324,11.1618702968173,13.2849028609988
30.8604403330153,11.1676564438293,13.3010041344197
30.8615406906255,11.1734130111074,13.3169779896866
30.8626459677155,11.1791407524798,13.3328316442653
30.8753317723611,11.130651941449,13.4344359299897
30.8764100315784,11.13664691932,13.4501338726673
30.8774968592318,11.1426077529314,13.4657198848584
30.8785869045899,11.1485227399413,13.4812133526866
30.8796869483959,11.1544125304965,13.4965974128826
30.871017685607,11.2174949939734,13.7717356181261
30.8722750016133,11.2229372778914,13.7852050401161
30.8735341010353,11.2283651789001,13.7985937410572
30.8748009464708,11.2337773692191,13.8119006451194
30.8760767548345,11.2391712517487,13.825128926442
30.8885614469685,11.1519528197363,13.6710406351252
30.8897101612076,11.1577816293991,13.6854276426958
30.8908680450387,11.1635881534254,13.6997206664495
30.8920342207435,11.1693749136007,13.7139215545363
30.8932100634742,11.1751402466725,13.7280266456295
30.8984262861002,11.1776103590616,13.5214398722545
30.8995347516756,11.1834895869764,13.5367049367782
30.9006540682154,11.1893449757946,13.5518633803808
30.9017790276364,11.1951783858551,13.5669220952745
30.9029110278823,11.2009867448574,13.5818881096093
30.9158043692229,11.1328147928119,13.6815300657822
30.9169108779488,11.1390105411265,13.696698046845
30.9180243312724,11.1451814185224,13.7117687974058
30.9191086203532,11.1513158353783,13.7268103996327
30.920177763907,11.157417683256,13.7417978356666
30.9220126906031,11.1039726164692,13.5997694940816
30.9229948414253,11.1103337264659,13.6156956391397
30.923983156439,11.1166659906453,13.6315164386635
30.9249602989052,11.1229651358497,13.6472885653812
30.9259196532753,11.1292305721876,13.6630348114147
30.9108258354424,11.3182908843392,13.8787897751161
30.9120105475232,11.3234750345538,13.8918752401543
30.9131745081527,11.3286494278467,13.9049343869289
30.9143320375618,11.3338130616628,13.9179583176735
30.9154923607623,11.3389612526169,13.930918007577
30.9270355939512,11.1810283731765,13.6721049228805
30.9279949805795,11.1870160297283,13.6873807684261
30.9289570712067,11.1929805682154,13.7025723729205
30.9299158193167,11.1989297790755,13.7176964076969
30.930870296607,11.2048580736951,13.7327574540218
30.9263151647506,11.2929230527293,13.8495258257435
30.9273446879421,11.298330642991,13.8633546873002
30.9283701180848,11.3037199870065,13.8771228769465
30.9293945989895,11.3090942626243,13.8908314478835
30.9304132521189,11.3144573246122,13.9044887353341
30.9288344206889,11.3457275886643,13.8836708132058
30.9298428007982,11.3509421684722,13.8972027005384
30.9308019885177,11.3561276364727,13.9106863830864
30.9317592313235,11.3612993305615,13.9241131655512
30.9327076143979,11.3664589871287,13.9374932954828
30.9259913878954,11.3269419364882,13.6116063870836
30.9269192351059,11.332220545668,13.6263998850495
30.9278437196538,11.3374831425585,13.6411286768959
30.928743665884,11.3427364922646,13.6558120412765
30.9296157699292,11.3479816897619,13.6704533038943
30.9283226222002,11.403337213292,13.8205377028469
30.9292539534358,11.4082494401513,13.8339544740483
30.9301804176076,11.4131489742926,13.8473286604152
30.9310980004706,11.4180344949609,13.8606762877633
30.9320121601467,11.4229089231005,13.8739752922392
30.9326147092304,11.3255908314941,13.6516687819357
30.9334540810226,11.3309416401405,13.6665082107319
30.9342860203676,11.3362770202976,13.6812888997056
30.9351126133607,11.3415973624001,13.6960077420555
30.9359343334346,11.3469060043999,13.7106686105776
30.9338892991909,11.315112615628,13.6860317321136
30.9347178673897,11.3204690519943,13.700611223615
30.9355395282838,11.3257997570509,13.7151517975459
30.9363604311869,11.3310539089862,13.7296968055782
30.9371774454924,11.3362929907811,13.7441864191971
30.9451531629243,11.393760630062,14.0373714567564
30.9459533059242,11.3988020391119,14.0505829854729
30.9467485616175,11.4038324395992,14.0637486115283
30.947537381815,11.4088524647584,14.0768736730228
30.9483035614136,11.4138814977434,14.0899703014578
30.9540261009672,11.2968591784569,14.0019881901609
30.9546594472853,11.3025638383397,14.0165003061789
30.9552878667421,11.3082523134385,14.0309508278288
30.9559097666605,11.3139256136598,14.0453422142769
30.9565265029573,11.3195835019194,14.059673036459
30.9590272586735,11.3917406164907,14.2922635242639
30.9596573651844,11.3970421541581,14.3051884935175
30.9602755572812,11.4023392001137,14.318062620356
30.9608793883686,11.407634800337,14.3308818175581
30.9614745470433,11.4129208135167,14.3436472910059
30.955783600796,11.4570755932663,14.3531374010232
30.9564632260338,11.4620261940316,14.3650559771991
30.9571349982108,11.4669695986863,14.3769371528205
30.9577999204857,11.4719061718368,14.3887807078613
30.9584563525053,11.4768370761109,14.400593474713
30.9675778624584,11.3864683988203,14.5714545349496
30.9681010619852,11.3919354347543,14.5836018509627
30.9686167897647,11.3973919276299,14.5957014885565
30.969123237965,11.4028384940614,14.6077565611339
30.9696235027028,11.4082763603901,14.6197647939051
30.9645461921324,11.5339479474827,14.6741620224078
30.9651643539563,11.5387888615633,14.6848127859146
30.9657750815878,11.5436259910805,14.6954313016234
30.9663774107471,11.5484595769825,14.7060186417806
30.9669686087697,11.5532902986457,14.7165792407794
30.96632937656,11.5277762807723,14.7697685109572
30.9669298815557,11.5326430227528,14.779984066443
30.9675198167327,11.5375051892536,14.7901735355833
30.968101683074,11.5423642562,14.8003346068303
30.9686724984679,11.5472201494012,14.8104692478826
30.9731024966765,11.4758338059848,14.8227075309708
30.9735684927339,11.4810419074451,14.8335679243627
30.9740279404312,11.4862439642196,14.8443928948704
30.9744790843908,11.4914414757481,14.855190237203
30.9749206773419,11.4966329308906,14.8659630667114
30.97383406195,11.427402094803,14.982081413432
30.9742985688772,11.432739607505,14.9923893028159
30.974755135709,11.4380716106331,15.0026645801805
30.9752045225045,11.4433981497405,15.0129069654826
30.9756465015276,11.4487200494479,15.0231190808447
30.9744760591815,11.3764509106526,14.7636736273969
30.9748643695359,11.3820661834193,14.7753779650557
30.9752465525526,11.3876688012589,14.7870337907619
30.9756225242181,11.3932597635561,14.7986419399535
30.9759931306208,11.3988406429617,14.8101997820296
30.9782076783974,11.3943531834567,14.8604517953427
30.9785402030325,11.4000332513911,14.8721176870098
30.9788679093954,11.4057029134315,14.8837331003555
30.9791910023506,11.4113618919592,14.8952980934653
30.9795095311013,11.4170104117875,14.9068127409252
30.9785140642667,11.4331734279758,15.1535354353979
30.9788862146574,11.438634781529,15.1634702154493
30.9792512997459,11.4440901549854,15.1733737764111
30.979607327445,11.4495392463559,15.1832476257541
30.9799563310638,11.4549824828027,15.1930879205913
30.9820030142597,11.4335065749682,15.1504885066592
30.9822991663153,11.4391500751293,15.1610801409197
30.9825882216949,11.4447848943775,15.171637349872
30.9828724206545,11.4504115670551,15.1821518286825
30.983152169072,11.4560306850752,15.1926251961372
30.9820631801965,11.38388069646,15.0862061610833
30.9823343270383,11.3897658708741,15.0975364796213
30.9826016951617,11.3956401403058,15.1088142019872
30.9828647571084,11.4014893742074,15.1200252171622
30.9831235110235,11.4073277531074,15.1311843655927
30.9815457833386,11.3082817622041,15.0352667110665
30.9818077627806,11.314566686824,15.0476424441759
30.9820650741886,11.3208357872771,15.0599551490808
30.9823188877567,11.3270911325238,15.072203826313
30.9825681417319,11.3333318379959,15.0843849512443
30.983259561511,11.3554722650494,14.9237694416227
30.9834836953283,11.3616874410409,14.9365911516813
30.9837049856746,11.3678880606754,14.949343198892
30.9839233825344,11.3740743397181,14.962026378742
30.9841391957581,11.3802461642083,14.9746406659691
30.9828335247111,11.3390635789696,14.9202866689236
30.983061483016,11.3453835436153,14.9332805115675
30.9832864788927,11.3516877920527,14.946200289435
30.9835088300444,11.3579767033162,14.9590462932665
30.983728537468,11.3642505150605,14.9718188733916
30.9833470966447,11.3445042068125,14.9423830321203
30.9835695086499,11.3508754815846,14.9554245304071
30.983789502147,11.3572309583576,14.9683893118423
30.9840069546255,11.3635708721342,14.9812776414616
30.9842218569335,11.3698954493286,14.9940898389581
30.9863379404764,11.5059182934096,15.2158107573373
30.9865254006916,11.5116271202674,15.2264078075063
30.9867084944799,11.5173238432915,15.2369482857787
30.9868881355876,11.5230094875081,15.2474359377261
30.9870656437897,11.5286846613989,15.2578680034223
30.9876545161241,11.5245152693594,15.3988405354766
30.9878317252114,11.530225176066,15.4087567769971
30.9880069112732,11.5359134754515,15.4186695360156
30.9881789871751,11.5415906054068,15.4285333220586
30.9883482972552,11.5472575916424,15.4383474459587
30.986307442096,11.4658490910745,15.1731119001529
30.9864880381354,11.4717720619756,15.1843470507463
30.9866639754941,11.4776791120877,15.1955201207253
30.9868378453579,11.4835730039307,15.206631034672
30.9870097918937,11.4894537673467,15.2176797093953
30.9870534047794,11.4974087109874,15.3707615862876
30.9872271505157,11.5031931940855,15.3808843721122
30.9873968939138,11.5089628144583,15.3909477219939
30.9875635532629,11.5147201361216,15.4009573461942
30.9877283043709,11.5204653666534,15.4109113288741
30.9863833194793,11.4707447219121,15.3326001777723
30.9865620560256,11.4766253769009,15.3429679235926
30.9867385475468,11.4824862214954,15.3532781511165
30.9869131029784,11.4883331829871,15.3635285743623
30.9870855036149,11.4941667090364,15.3737194652618
30.9880548960257,11.500383122665,15.3357675708848
30.9882106297809,11.5062906883853,15.3464255593577
30.9883637559082,11.5121833964307,15.3570223373191
30.9885147898584,11.5180630818226,15.3675597900121
30.9886637350153,11.5239296244302,15.3780388324267
30.9889937202323,11.5308463570868,15.3916821997969
30.9891372767214,11.5367058499648,15.402102011387
30.9892733421938,11.5425341680671,15.4124343507278
30.9894076329784,11.5483491011535,15.4227074563254
30.9895402280146,11.5541511845174,15.4329223882287
30.9877447802879,11.5018006928953,15.2976322628966
30.9878935440947,11.5076747550477,15.3083079993694
30.9880404787721,11.5135317214354,15.3189179389121
30.9881856245361,11.5193720964723,15.3294629826316
30.9883292265831,11.5251959720224,15.339943266942
30.9917023759193,11.7423459459045,15.6386751273951
30.9918026755527,11.7475424695774,15.646959722494
30.9919019085767,11.7527276656761,15.6551952660665
30.9919994382782,11.7579010496231,15.6633817441619
30.9920955450405,11.7630627864574,15.671520039674
30.9911818650808,11.6867498180518,15.5683145234074
30.9912870621388,11.6920712327981,15.5770709182488
30.9913912109091,11.6973799407658,15.5857753181623
30.9914941233482,11.7026757993989,15.5944281154455
30.9915959432988,11.7079588217686,15.6030293296419
30.9911973674146,11.6546963442205,15.7761920321207
30.991310920886,11.6601171868815,15.7842816164532
30.9914230144824,11.6655239582063,15.7923244495716
30.9915332109251,11.6709164114834,15.8003208433584
30.9916420274298,11.6762946228397,15.8082704669681
30.9880947338195,11.5125668435349,15.5104348731757
30.9882468596067,11.5183393825481,15.5200753966312
30.9883974119288,11.5240952157152,15.5296561062799
30.9885459683376,11.5298340899335,15.5391777539788
30.9886927499308,11.5355560910047,15.5486405324776
30.9914922188718,11.6642679188625,15.6454502091713
30.9915968305002,11.6696613026885,15.6540977307027
30.9916999019597,11.675037707249,15.662691580192
30.9918017627537,11.6803969160833,15.6712315624635
30.9919027003863,11.6857408765698,15.6797182037071
30.9910162418859,11.6525785073421,15.8685548162679
30.9911344170155,11.6579251470148,15.8761583636804
30.991251203927,11.663256682357,15.8837155630398
30.9913665600407,11.6685728963865,15.8912267374595
30.9914802125423,11.6738734577655,15.8986927268741
30.9912107020637,11.6308088480042,15.7547357312949
30.9913260663413,11.6363195822419,15.7632359037916
30.991439600725,11.6418141688182,15.7716867982491
30.9915516457141,11.6472917536286,15.78008916309
30.9916621499026,11.6527519957719,15.7884433664801
30.9901121899772,11.5681948385108,15.463071267244
30.9902406406148,11.5739063694604,15.4730781883031
30.9903674819014,11.5795995902216,15.4830237754404
30.9904931631575,11.5852380002512,15.4930021496202
30.9906150272264,11.5908464313456,15.5029184354374
30.9890497831333,11.5423659711208,15.4940286636781
30.989186798636,11.5479390414395,15.5036460130792
30.9893205340564,11.5534880057381,15.5132067465563
30.9894517103705,11.5590158724337,15.5227084651051
30.9895812215539,11.5645249227935,15.5321485494892
30.9853631719421,11.4191352301798,15.3974073883733
30.985549135769,11.4251159038719,15.4077310548449
30.9857334399728,11.4310771126437,15.4179873802202
30.9859160362625,11.4370189127772,15.4281767289713
30.9860967339758,11.442941228239,15.4382994707193
30.9862075562952,11.5065372467964,15.8037677051023
30.9863836907092,11.5121633146977,15.8119825572039
30.9865581363451,11.5177714604734,15.8201421202428
30.9867305365883,11.5233617261086,15.8282469307689
30.9869012708703,11.5289341409192,15.8362968297677
30.9825967056839,11.3520611923592,15.4187529993914
30.9828315373903,11.358465054398,15.4295047990604
30.9830647223544,11.3648078827419,15.4401577835018
30.9832964608622,11.3710921670964,15.4507132902194
30.9835263530246,11.3773557299279,15.4611974379306
30.9738349763415,11.1799258244888,15.2616734190388
30.9741945573906,11.1870064976432,15.2735516414329
30.9745519825375,11.1940589520905,15.285344428058
30.9749072424865,11.2010834914695,15.2970519608837
30.9752603611009,11.2080804268935,15.3086744021057
30.9814417552091,11.4074803692663,15.7726182769842
30.981704021551,11.4136340575213,15.7813774748558
30.9819641429123,11.4197618616343,15.7900694573689
30.9822212601609,11.4258636312091,15.7986952896573
30.9824686069233,11.4319222061207,15.8072651849269
30.9762631808415,11.2808878116752,15.5799928928469
30.9765809997823,11.2875452525009,15.5899743794251
30.9768860182434,11.2941658397206,15.5998757954347
30.9771874279562,11.3007594938029,15.609700983205
30.9774854082846,11.3073265155538,15.6194498071071
30.9812578243519,11.352871198115,15.5513928434843
30.9815031931126,11.3591203401265,15.5610607521959
30.9817457719575,11.365343729407,15.570651650272
30.9819858522722,11.371541714338,15.5801656110263
30.9822231031699,11.3777145861826,15.5896038195704
30.9810037542332,11.2925217267344,15.3258306076645
30.9812611734208,11.2989755120875,15.3365331684454
30.9815158793459,11.3054039843124,15.3471520731083
30.9817680019636,11.3118073401261,15.3576880182944
30.9820175965916,11.3181857918692,15.3681416065752
30.9903310280638,11.5918938658355,15.5994947342907
30.9904529178969,11.5972120662751,15.6078112623171
30.9905733290553,11.6025053710905,15.6160578159948
30.9906914695097,11.6077736886155,15.624230029979
30.9908074500126,11.6130170848515,15.6323288317164
30.9903024887252,11.5695297189956,15.277818079238
30.9904213616509,11.574928509621,15.2873663160255
30.9905386647969,11.5803018023537,15.296840952148
30.9906545196599,11.5856496432016,15.306242529502
30.9907687864015,11.5909720755209,15.3155716502069
30.9930008841665,11.8161122931254,15.4886891836534
30.9930678122837,11.8207904854901,15.4964948541461
30.9931337963006,11.825444068293,15.5042334705403
30.9931989717701,11.8300729490606,15.5119054838006
30.9932636837057,11.8346334585704,15.5195887664808
30.9929522371585,11.8509233907742,15.4778209638803
30.9930164041089,11.8553699814466,15.4854879442304
30.9930798540103,11.8597923816625,15.4930887612226
30.99314269345,11.8641906298121,15.5006237806806
30.9932047124916,11.8685647274491,15.5080932043476
30.9925998326289,11.9489405875529,15.448906647953
30.9926571240345,11.9531969915925,15.4564426951787
30.9927139548285,11.9574307557379,15.4639139652006
30.9927697578395,11.9616397945632,15.4713192686744
30.99282503932,11.9658261140993,15.4786602977538
30.9937534097258,11.8757773366003,15.5392804663064
30.99381067063,11.8801397406759,15.546691981204
30.9938671847976,11.8844764030541,15.5540416113426
30.9939230506302,11.8887890169525,15.5613302529476
30.9939752726736,11.8930694766284,15.5685442039886
30.9962673730293,12.0596079063094,16.0040816924819
30.9962952067139,12.0637063048962,16.0095344425091
30.9963224618779,12.0677792243796,16.0149348824491
30.9963494071712,12.0717294402269,16.0203222778573
30.9963761569412,12.0755835848422,16.0256844829641
30.9949453550949,12.005761963446,15.7039845945404
30.9949826060229,12.0096901120652,15.7105684021854
30.9950197173213,12.0135612339404,15.7170829933313
30.9950563979382,12.0174094438597,15.7235421188786
30.9950925384774,12.0212353033788,15.7299424736202
30.9959472790925,12.1841588831056,16.010684998119
30.9959703314496,12.1875763007607,16.0152260338607
30.9959932594773,12.1909718866911,16.0197061996684
30.9960160009818,12.1943413505431,16.0241442424083
30.996038741078,12.1976830178845,16.0285473429047
30.9971768966794,12.2397723533476,16.2914759648108
30.9971946306145,12.2431971343705,16.295122362978
30.997212165282,12.246599423482,16.298714127243
30.9972295687267,12.2499792144071,16.3022515396727
30.9972468973232,12.2533364248468,16.3057351624449
30.9970870368953,12.2289544018349,16.2686335482693
30.9971053686029,12.2321902390057,16.2720781634706
30.9971236330967,12.2353702130569,16.2755696101076
30.9971418536825,12.2385271920986,16.2790100454723
30.9971600555631,12.2416612074079,16.2823998783622
30.9974941320477,12.2508741230015,16.4781165405287
30.9975118516038,12.2539631710017,16.4807821730995
30.9975295418851,12.2570285744883,16.483402188625
30.9975472626958,12.2600703210617,16.4859769653894
30.9975649671714,12.2630883586621,16.4885069772577
30.9975809984732,12.2622972644074,16.6299149351198
30.9975992672605,12.2652862444351,16.6318939497389
30.9976174519947,12.2682507656606,16.6338340583363
30.9976355727151,12.2711907994224,16.6357356485836
30.9976534762563,12.2741019509851,16.6375971092894
30.997992338037,12.3396462329771,16.7737912058805
30.9980081295698,12.3425723746343,16.7752548202566
30.9980236872778,12.3453908312747,16.7768049305772
30.9980390638444,12.3481304881646,16.7783992783593
30.9980542357808,12.3508477258542,16.779957167864
30.9974780595813,12.2290933239295,16.592999518445
30.9974971539047,12.2316573073174,16.5949739152594
30.9975163217649,12.2342022687256,16.5969220953271
30.9975356207403,12.2367283093494,16.598844371698
30.9975549524062,12.2392353707433,16.6007413376734
30.9979684732074,12.3134655792553,16.667168118949
30.9979848719013,12.3160020591653,16.6689076610855
30.9980013117549,12.3185178816354,16.6706167560145
30.9980177905498,12.3210130275301,16.6722956713321
30.9980342996594,12.323487478197,16.6739448370031
30.9985857439757,12.5338109948279,17.1528611410012
30.9985990115456,12.5366490698195,17.1533733838019
30.9986121948425,12.5394635149389,17.1538446794164
30.9986253519513,12.5422542381299,17.1542754501628
30.9986385289642,12.5450205465143,17.1546619259845
30.9980280708097,12.471129013248,17.3073527866957
30.9980469294168,12.4736210447637,17.3064047146843
30.9980657541238,12.4760873693353,17.3054332503958
30.9980845274187,12.4785275870908,17.3044380526486
30.9981033494503,12.4809425284196,17.3034238715318
30.9984614660658,12.4628903425517,16.9791497670491
30.9984761774678,12.4651491063648,16.9794864678436
30.9984908470706,12.467383487243,16.9797913068547
30.9985054383633,12.4695933054863,16.980064666338
30.9985200357891,12.4717762578955,16.9803037327815
30.9982154314774,12.3951896283899,16.8673788503652
30.9982323119991,12.396947581578,16.8676853746975
30.9982491710676,12.3986497991679,16.8679930884858
30.9982661178204,12.4003327736969,16.8682777489114
30.9982830579682,12.4019924380701,16.8685271357902
30.9983918941857,12.4875547427999,17.0725814183878
30.9984075880428,12.4891450490679,17.0721507450732
30.9984229137145,12.4907119859744,17.0716855861301
30.9984380210292,12.4922558257323,17.0711871168481
30.9984528076596,12.4937760523985,17.0706571352881
30.9980339608155,12.5257116168873,17.2816191754331
30.9980512777081,12.5268509957628,17.2800826105108
30.9980686800235,12.52796597383,17.278505859865
30.9980860535988,12.5290562397747,17.2768892125071
30.998103110209,12.530121295086,17.2752328715422
30.9971065233369,12.466039967986,17.4129421971543
30.9971337596746,12.4670220985029,17.4098050584697
30.997161179296,12.4679810660781,17.4066683210381
30.997188750921,12.4689181424726,17.4035239668728
30.9972164357081,12.4698335043059,17.400372998487
30.9970755878065,12.5646118977877,17.7330694263636
30.9971045035658,12.5657378415635,17.7289628945982
30.9971334137735,12.5668360927476,17.7248422363786
30.9971623780668,12.5679066486343,17.7207078542516
30.9971913585061,12.5689494660829,17.716560576877
30.9975966367858,12.685009815824,18.0099742029793
30.9976223414969,12.68658266586,18.0057552997838
30.9976480074555,12.6881237338101,18.0015146005546
30.9976734979099,12.6896327044266,17.9972524786653
30.997698917051,12.6911093631296,17.9929689014797
30.9973937766319,12.8417415303889,18.5004461112792
30.9974201615434,12.8437311968204,18.4966586266291
30.9974465151254,12.8456957573794,18.492843685477
30.9974726832729,12.8476341842102,18.4889985738706
30.9974988217551,12.8495459261192,18.4851223357428
30.9959927996657,12.7606079323545,18.4850490906784
30.9960296941129,12.7618388230936,18.4794672929482
30.9960662195411,12.7630341765004,18.4738526193272
30.9961018529917,12.764190983514,18.4681969776099
30.9961374444752,12.7653122889531,18.462506940094
30.9960050715466,12.8051652561118,18.5080093536243
30.9960367748235,12.806098266891,18.5033289042159
30.9960685077822,12.806997375271,18.4986065711525
30.9961003595324,12.8078618473325,18.4938407544412
30.9961319264372,12.8086898858148,18.4890327218859
30.9945496643571,12.6989012284032,18.3583054424762
30.9945945506491,12.6989865618487,18.3519510058394
30.9946400619829,12.6990321546245,18.3455469537605
30.9946864647304,12.6989992626288,18.3392120907963
30.9947336839566,12.698922490631,18.3328424674267
30.9952171539739,12.6763651626074,18.195286896473
30.9952635842205,12.6760430719761,18.1891064890397
30.9953107234615,12.6756846192438,18.1828733664513
30.995358412922,12.6752842131079,18.1765692422651
30.9954064990198,12.6748464098502,18.1702121412513
30.9959725664392,12.6584681964135,18.1052317464152
30.9960208556547,12.6581206680171,18.0985244487423
30.996067460338,12.6577265521771,18.0917823566766
30.9961122481419,12.657281240295,18.0850104021978
30.9961575637665,12.6567943656427,18.0782047172865
30.9953706652502,12.6731753792656,18.2601746792724
30.9954257117001,12.6727488896123,18.2521531927874
30.9954814317188,12.672275777638,18.2441001964586
30.9955376286121,12.6717563703711,18.2360189288582
30.995594223388,12.6711851237404,18.2279088719146
30.9970669918425,12.7896610046125,18.2823740361433
30.9971021907511,12.7896436943815,18.2766026566916
30.9971374429948,12.7895823154603,18.2707865179228
30.9971727386608,12.7894768760629,18.2649267414866
30.9972080479173,12.7893274183388,18.2590245587799
30.9942850704368,12.5267311120315,17.9572328427101
30.9943697806185,12.5248589771673,17.9481830110039
30.994455527597,12.5229586268964,17.9391627897024
30.99453682964,12.5210238822154,17.9301862869238
30.9946157811228,12.5190620284364,17.9212529135814
30.9942885478911,12.4732624658645,17.8412989848527
30.9943763305586,12.471113933065,17.8323563658609
30.9944641910378,12.4689595184191,17.8234813222389
30.9945520289003,12.4668015894732,17.8146781520783
30.9946398446664,12.4646425330933,17.8059511113357
30.9962398128396,12.5971351595376,17.915331268683
30.9962953053054,12.5953370326786,17.9082465996012
30.9963509446969,12.5935045279821,17.9012671593389
30.9964066601581,12.5916579665408,17.8943330748756
30.9964625030957,12.5898039109256,17.8874310511535
30.9958498371478,12.5418496583362,17.8637151411207
30.9959185919291,12.5397648933882,17.8561622052979
30.9959873262301,12.5376803639581,17.8486649695649
30.9960567098068,12.5354637985508,17.8407406458902
30.9961216576742,12.5331025163062,17.8324010115848
30.9955091224534,12.6099878429131,18.0898069529589
30.9955813209774,12.6075142827091,18.080051676404
30.9956538593073,12.6049852868386,18.0702571695086
30.9957260939615,12.6024386700928,18.0604882822568
30.995793770189,12.5998620027229,18.0507687408708
30.9958410064278,12.5921024349491,18.0773312543451
30.9959138586727,12.5897546686469,18.0668074245768
30.9959867016319,12.5873966785241,18.0563468731152
30.9960594743423,12.5850307623346,18.0459542944957
30.9961321523313,12.5826406848425,18.0356429075953
30.9947386275813,12.562267650511,18.1496981595255
30.9948373786278,12.5594618227242,18.1374916960913
30.9949356147031,12.5566508877955,18.1253758718541
30.9950335240832,12.553838529751,18.1133579476464
30.9951310925077,12.5510275079597,18.1014435285188
30.9959573631922,12.5923785105268,18.0950421970501
30.9960365753283,12.5897968446161,18.0845116328754
30.9961153808893,12.5872193791481,18.0740780527977
30.9961937291202,12.5846296592422,18.063698927016
30.9962715647197,12.5820477140443,18.0534204991951
30.9971703277647,12.7341215797565,18.2215214949828
30.9972177993967,12.7319709542934,18.2133353118649
30.9972633066335,12.7298080181685,18.2051982169537
30.9973086659517,12.7276414521469,18.1971131027586
30.99735384328,12.7254726263952,18.18908257913
30.9965572870569,12.7500717319526,18.3446285065821
30.9966113910821,12.7474697494977,18.3356368728187
30.996665188527,12.7448602592103,18.326702182291
30.9967187471676,12.7422451675695,18.3178262279614
30.996772143125,12.7396263362344,18.3090107891308
30.9977806492883,12.6767148748515,18.0453119272713
30.997822643564,12.6746403432592,18.0380688398432
30.9978642670991,12.6725801527306,18.0309090075387
30.9979055011127,12.6705360715539,18.0238334011832
30.997944313823,12.6685046909308,18.0168440910989
30.9979402044221,12.4783940139763,17.6592284789021
30.9979832752747,12.4763369977155,17.6528833459077
30.9980257394881,12.4743354852438,17.6466240321147
30.9980675719857,12.4723945433269,17.6404281472834
30.9981087050972,12.4705126870176,17.6343336961276
30.9981713470482,12.402289148053,17.5051225857801
30.9982119741633,12.4006868973841,17.4996349758587
30.9982521180977,12.3991524965073,17.4940512408808
30.998291662139,12.3976817333317,17.4884998616262
30.998330533633,12.3962736737139,17.483066451951
30.998496583315,12.3785151531445,17.411624337747
30.9985295594677,12.3772703977314,17.4068918629518
30.9985619805544,12.3760823617212,17.402253025502
30.9985937310727,12.3749512075002,17.3977067176921
30.9986239365929,12.3738749442434,17.3932541956039
30.99880767194,12.2537417112942,17.13326607881
30.9988335396102,12.2534114302573,17.1302415048669
30.9988588832468,12.2531427175835,17.127302833919
30.9988836540228,12.2529352532295,17.1244474376209
30.9989079062295,12.2527890350466,17.1216733835003
30.9986268995088,12.2327301086729,17.1698618213883
30.9986574061938,12.2322183080457,17.1665829066442
30.9986872901941,12.2317727196135,17.163397039421
30.9987165160765,12.2313811045937,17.1602636406599
30.99874533361,12.2309954623828,17.1567988729826
30.9986919848568,12.2088400681709,17.1429102581124
30.9987225196469,12.2086137377346,17.1393311965929
30.9987523318485,12.2084524300363,17.135842659216
30.998781432366,12.2083555449877,17.1324422714818
30.9988098282967,12.2083224384543,17.1291277008393
30.9983493228993,11.850933985512,16.5774581265194
30.9983829038681,11.8525248165958,16.5779169984026
30.998415738486,11.8541814750985,16.5784431780554
30.9984478550921,11.8559027068808,16.5790331829538
30.9984792349713,11.8576871789104,16.5796837362813
30.9984120929044,11.8507539075846,16.5978494301743
30.9984454404753,11.8526808592201,16.5986281187676
30.998478001302,11.8546693637569,16.5994666647104
30.9985098077839,11.8567181521086,16.6003620459457
30.9985408820914,11.8588258323393,16.6013113039528
30.9984137569514,11.9256291169606,16.7712243618556
30.9984491423868,11.927149056424,16.770921179736
30.998483683162,11.9287304384051,16.7706820441304
30.9985174025016,11.9303719945057,16.7705036926274
30.9985503370794,11.9320724487016,16.770382922019
30.9986717613229,12.134609516432,17.1457659553721
30.9987058999223,12.1354047379374,17.1435550542019
30.9987391732018,12.1362538956203,17.1414064737859
30.9987716064354,12.1371558670205,17.1393171295154
30.9988032222036,12.1381095132857,17.1372840069404
30.9989939046254,12.0937420035968,16.9777448612309
30.9990176357398,12.0951774245048,16.9765116552278
30.9990408104535,12.096649108481,16.9752972992442
30.9990634448467,12.0981560051018,16.9740998440094
30.9990855530648,12.0996971601747,16.9729180730049
30.9987789014671,12.026744650092,16.9478855203557
30.9988073293364,12.0282040254437,16.946836865668
30.9988351534469,12.029702675159,16.945809202156
30.9988623903442,12.0312395783235,16.9448007533132
30.9988890259238,12.0328111460628,16.9438243860196
30.9985770970988,12.0241894267507,17.0409136821999
30.9986119548927,12.0254630955337,17.0395495884132
30.9986460591634,12.0267686287379,17.0382152121423
30.9986794261598,12.0281054360537,17.0369085840851
30.9987119468208,12.0294724112231,17.0356278545428
30.9991415136291,12.0324137847398,16.8156729322243
30.9991584579556,12.0341644893881,16.8147364428807
30.9991741067475,12.0359330134365,16.813795397994
30.9991895041944,12.0377189461957,16.81284315995
30.9992038677876,12.0394958401288,16.8118240560707
30.9990793426179,11.9835414272414,16.7176105090813
30.9990943369699,11.9849803200326,16.7161019886312
30.9991091955932,11.9864465785538,16.7146061733389
30.9991239327159,11.9879398529157,16.7131232640504
30.9991378707384,11.98945910963,16.711653702721
30.9989989896174,11.8828789436889,16.5342823642675
30.999014361778,11.8848138677364,16.5336828847753
30.9990296839387,11.8867738913564,16.5330967039257
30.9990449442786,11.888758554258,16.5325239687769
30.9990601471736,11.8907652308897,16.5319696516124
30.9991384552587,11.9723298747142,16.6631202693056
30.9991517109553,11.9739042147136,16.6617168495078
30.999163253218,11.9754977391771,16.660325133321
30.999174880978,11.9771159322305,16.6589468067531
30.9991866009455,11.9787580163654,16.6575855230214
30.9988733429275,11.8444272675641,16.5362456595286
30.9988873266743,11.84624718676,16.5356536121435
30.9989014008311,11.8480896142549,16.5350792982345
30.9989155609689,11.8499543096661,16.5345229028001
30.9989298194135,11.8518391015272,16.5339789001246
30.9988743605736,11.964834571903,16.8694950885209
30.9988919550898,11.9661049591629,16.8679222036516
30.9989095192976,11.9673983730831,16.8663677713664
30.9989270689765,11.9687128920963,16.8648256314911
30.9989446199968,11.9700432001688,16.8632772769733
30.9984147972122,11.8633550477372,16.8794269830209
30.9984437147468,11.8648046536887,16.8784626458868
30.9984728791231,11.8662807083008,16.8775127267511
30.9985022011022,11.8677827197786,16.8765767785085
30.9985316300953,11.8693102091063,16.8756544326139
30.9984091111871,11.8173150084688,16.805347093554
30.9984421341305,11.8190056265344,16.8047837011727
30.9984749965758,11.8207233131664,16.8042359907222
30.998506903923,11.8224664731997,16.8037035226957
30.9985388957619,11.8242340396075,16.8031899338157
30.9983958188401,11.7794408771236,16.7590184718368
30.9984329703018,11.781334395924,16.7588098838162
30.9984707563559,11.7832251455631,16.7586164265267
30.9985092137977,11.7851351057092,16.7584315559893
30.9985477987615,11.7870690655285,16.758252026263
30.998966820902,11.7632862630263,16.5095419865711
30.998995225898,11.7657146691309,16.5099256682656
30.9990240789695,11.7681625110716,16.510293062831
30.9990446475567,11.7706157820035,16.5106520458758
30.9990651269343,11.7730864975634,16.5109942362862
30.9986311020743,11.8082999211545,16.8324259529755
30.9986632554303,11.8102399581625,16.8320717186655
30.9986922288472,11.8121836037103,16.8317012399256
30.9987198227071,11.8141370839792,16.8313171731489
30.9987467449018,11.8161012182849,16.8309184110271
30.9973377824508,11.6443032065338,16.8649046833969
30.9973991539923,11.6463726889672,16.8650883822107
30.9974598341674,11.6484697456418,16.8652958248183
30.9975197819099,11.65059141636,16.865526579632
30.9975787012211,11.6527402130379,16.8657798494293
30.9978557056709,11.763228278595,17.0374356948974
30.9979072801975,11.765023043575,17.0368960612092
30.9979584518193,11.7668430165018,17.036366907711
30.9980068215702,11.7686867704852,17.0358563021071
30.9980521724362,11.7705540208672,17.0353640185419
30.9968000969474,11.6129029811977,16.9289127448843
30.9968765369306,11.6149412374818,16.9288820816591
30.9969518159193,11.6170135607053,16.9288832602042
30.9970255966008,11.6191109616598,16.9289219490662
30.9970978964799,11.6212281425017,16.9289999782432
30.9958846814039,11.6752111706064,17.2121842591772
30.9959867332137,11.6769127735723,17.2109988013715
30.9960874973802,11.6786384101549,17.2098704555281
30.9961870377688,11.6803888442991,17.2087959065391
30.9962854158498,11.682164816405,17.2077719880307
30.9974905795497,11.6490222569123,16.9657403115253
30.9975578152781,11.6512515468823,16.9658675665731
30.9976244801034,11.6535310430796,16.9659867017363
30.9976906603602,11.6558842846201,16.9660764931009
30.9977563009373,11.6582813082256,16.9661719335514
30.9967397574501,11.8622875307963,17.5967004546467
30.9968312469843,11.8639500322121,17.5945520194155
30.9969216203238,11.8656223574608,17.5924472487523
30.9970099638597,11.8672974299709,17.590382596115
30.9970972092945,11.868995052529,17.5883577909368
30.9975516013005,11.843450711459,17.4519937999934
30.9976265923198,11.8453232342878,17.4505312396949
30.9977009044472,11.8472179617271,17.449083605642
30.9977745635014,11.8491329206762,17.4476543875661
30.9978473002778,11.851082428837,17.4461902447758
30.9966122949461,11.9992686643618,18.0458404216207
30.9967090210794,12.0007726709521,18.0417848439501
30.9968038105623,12.0022986300159,18.0378040574374
30.9968968125809,12.003846816496,18.0338185201387
30.9969878606822,12.0054167429742,18.0299098143609
30.9964793184951,11.9892467666345,18.0762887151642
30.9965830573678,11.9907237003438,18.0721644837139
30.9966844411878,11.9922239719012,18.0681216488215
30.9967837733647,11.9937207879345,18.0641938212649
30.9968804199292,11.9952169674109,18.060295724181
30.9974921485386,11.85961001239,17.6644581683961
30.9975660136274,11.8613951012203,17.6614457380196
30.9976378475577,11.863204577254,17.6584757955345
30.9977081601967,11.8650402652778,17.6555398330634
30.9977755097966,11.8669001137035,17.6526362813843
30.9978107493075,11.9670093370871,17.8591751889079
30.9978684440134,11.9684808014519,17.8555915673185
30.9979247371543,11.9699734988081,17.8520371191876
30.9979796846156,11.9714762504284,17.8484930508519
30.9980333129016,11.9729883880673,17.8449578034495
30.9977736660413,12.0245727333049,18.0437270083093
30.9978322906132,12.0260667748951,18.0394392347551
30.9978853814745,12.0275579714339,18.0351934033687
30.9979370980342,12.0290593071368,18.0309807580374
30.9979877670431,12.0305720821563,18.0268003261133
30.9979339478387,12.0437900199917,18.0677994974
30.9979841427567,12.0452888482297,18.0637651677574
30.9980333408611,12.0468000221952,18.059759501469
30.9980815713363,12.0483192278325,18.0557615971836
30.9981288464275,12.0498499689195,18.0517850172569
30.9968044518093,11.9959328180322,18.2042044362708
30.9968829248295,11.9970233917278,18.1989022310826
30.9969597030814,11.9981345777043,18.1936808887853
30.9970348590071,11.9992664821128,18.1885393752762
30.9971085953899,12.0004367947966,18.1834467556451
30.9973085783957,12.1770648864509,18.5298314230923
30.997368757782,12.1784988792543,18.5254036502988
30.9974278763535,12.1799489484018,18.5210468540888
30.9974859596873,12.1814165997516,18.5167566153404
30.9975431448404,12.1829159148591,18.5124373064512
30.9979757133201,12.2864616701701,18.6319713214916
30.9980186811788,12.2882457688859,18.6289767298538
30.998061030424,12.2899887711439,18.6258730409291
30.998102719532,12.2917246624325,18.6227549593794
30.9981437385244,12.2934727284386,18.6196746084456
30.997796956823,12.2386931571289,18.5840234108088
30.9978461328184,12.2402012170332,18.5803812974207
30.9978945319413,12.2417169090006,18.5767730756761
30.9979412841578,12.24323660641,18.5731950293407
30.9979872740799,12.2447262682373,18.5693466546996
30.9990424666388,12.2627101954835,18.274983519181
30.9990651119871,12.2646748253648,18.2717018964395
30.9990875663294,12.2664823534202,18.2677391935881
30.9991096604656,12.2682639947839,18.2636828228612
30.9991314986386,12.2697978498311,18.2592095150618
30.9988043543072,12.1397665781992,18.126862761306
30.9988358459097,12.1406812729485,18.1206009839459
30.9988666563278,12.1415930021091,18.1142859777798
30.9988968147315,12.1425028208948,18.1079195496535
30.9989263332969,12.1434113855132,18.1015043843119
30.9979245919097,12.0345452536428,18.1784100360086
30.9979811169367,12.0348262072815,18.1708586739925
30.9980364257198,12.0351268161045,18.1633167362748
30.9980905441858,12.0354450482943,18.1557868580659
30.998143500566,12.0357837441163,18.148273331464
30.9977692240709,12.0391096916464,18.240192316091
30.9978303067777,12.0393195613993,18.2327068971076
30.9978901473464,12.0395567654375,18.2252521010272
30.9979487658748,12.039822421125,18.217833154756
30.9980061871099,12.0401189935108,18.2104443745273
30.998402472888,11.99104370203,18.0162566628137
30.9984494055603,11.9915329057257,18.0089913730289
30.9984953523616,11.9920669867111,18.001708690219
30.9985403323494,11.9926472877245,17.9944068921169
30.9985843617023,11.9932715475183,17.9870886300828
30.9984820394467,12.0268168116313,18.0867880207615
30.9985264322738,12.0273434200427,18.0800499704035
30.9985699564157,12.0279001087678,18.0732818734683
30.9986123426667,12.0284884363477,18.0664861768434
30.9986518957372,12.0291157955469,18.059662946376
30.9987807645321,12.0522520498701,18.0625280468943
30.9988135452207,12.0528942107504,18.056159039144
30.9988462441184,12.0532177233972,18.0488482690894
30.9988785655628,12.0535872387802,18.0414857427505
30.998910484102,12.0539932207069,18.0340834205933
30.9992652999658,12.1411111718926,18.0356910317885
30.9992868695347,12.1419942321202,18.0280423700633
30.9993081299882,12.142908276419,18.020325177318
30.9993290742396,12.143855694704,18.0125424319751
30.9993496591868,12.144838701469,18.0046988402707
30.9989795875203,12.0797502566165,18.0845735698813
30.9990107099285,12.0803125083723,18.0771162744611
30.9990411406526,12.0809604506037,18.0696037396261
30.999070855459,12.0816586169608,18.062084477387
30.9990998713498,12.0824092607399,18.0545609172579
30.9990052862472,12.1185439114048,18.1797795365586
30.9990370239167,12.1193275377893,18.1719840893574
30.999068005096,12.1201540226939,18.1641840011385
30.9990982472185,12.1210208777412,18.1563767143132
30.9991277641622,12.1219302500271,18.1485676282908
30.998998529427,12.0027870664519,17.9802533625758
30.9990319946845,12.0036339303605,17.9729121938791
30.999064646896,12.0045458158817,17.9656144348805
30.9990965421973,12.0054820062633,17.9581940111675
30.9991276792373,12.0064458186929,17.9506634115561
30.9989934987838,11.8163349341868,17.6577778630753
30.9990305362175,11.8177367352488,17.6511437945238
30.9990666414862,11.8191383504574,17.6443599512894
30.9991018176179,11.8205538116996,17.6374709961778
30.9991359723621,11.8220617627125,17.6306994496567
30.9989459253596,12.056019448484,18.179380240787
30.9989849789476,12.0568990105928,18.1709856909305
30.9990234066246,12.0575672562675,18.161352834781
30.9990607879807,12.0582702696043,18.1516812515877
30.9990971314711,12.0590137580266,18.1420081789246
30.9991451763186,11.981034259101,17.9700237842312
30.9991796919507,11.9820300119008,17.9605876359555
30.9992118858408,11.9830823541061,17.9511916748291
30.9992424114059,11.9840964086788,17.941703712168
30.9992721063741,11.9848665923096,17.9318460493485
30.999398403149,11.9940827659178,17.8743101057079
30.9994219990514,11.9951269160933,17.86471368422
30.9994450680801,11.9962541794532,17.8542012068288
30.9994673968912,11.9974652578066,17.8436967397203
30.9994890030234,11.9987611980426,17.8332259990268
30.9995212066818,11.9629560938618,17.740964233074
30.9995411978401,11.9640554455559,17.7300054085762
30.9995605735262,11.9651270908973,17.7189356940557
30.9995792967403,11.9663007056107,17.7079844470665
30.9995974730997,11.9676869945736,17.696708412819
30.9994487483097,12.0107410067149,17.9413564109201
30.9994723371985,12.0117553016371,17.9297626378892
30.9994951494852,12.0128724667838,17.9182529542596
30.9995172107454,12.0140965716688,17.9068342020605
30.9995385447614,12.0154279463816,17.8955132789992
30.9994573367242,11.8965736278667,17.7538977158421
30.9994813147485,11.8983082840642,17.7435360510749
30.9995042474896,11.9001825947729,17.7333319083339
30.9995263865042,11.9021896737881,17.7233076513651
30.9995477573318,11.9043318444536,17.7134655808501
30.9987020484411,11.8847403142792,18.1893192941969
30.9987571196028,11.88530118311,18.1791865516794
30.9988103626972,11.8860037706387,18.1692352355007
30.9988617851076,11.8868480112431,18.1594711062252
30.9989113408102,11.8878233410904,18.1499056397177
30.9986472968563,11.7395257821282,17.9859486973274
30.9987057129334,11.7409186674644,17.9779097788695
30.9987620837932,11.7424566536565,17.9700977656339
30.9988164417939,11.7441401156074,17.9625125764618
30.998868813065,11.745968536599,17.9551560481384
30.9982805523052,11.6624703072722,18.0112403131952
30.9983568322606,11.6637553866161,18.0039651498867
30.9984288916215,11.6651667235058,17.9969101473102
30.9984948315909,11.6667076139187,17.9901020606547
30.9985585654231,11.6683750172486,17.9834960890332
30.9981074758072,11.2569588510259,17.4019634205096
30.9981879776485,11.2601975891093,17.4004856648388
30.9982659346466,11.2635444250832,17.3991686991365
30.9983413439106,11.2669972377274,17.3980068168956
30.9984145837092,11.2704776398479,17.3961855114624
30.9984426757533,11.2907539424421,17.4346182534308
30.9985129147516,11.2943098030048,17.4326971636673
30.9985807758856,11.2979622557957,17.430881906988
30.9986463368857,11.3017132441425,17.4291583070976
30.9987097008997,11.3055523861555,17.4275665234972
30.9992413718393,11.3297757026101,17.2696811875025
30.9992775285805,11.3341848125587,17.2688967211269
30.9993126481376,11.3386653152398,17.26809855771
30.9993468761166,11.343229506365,17.2670399046772
30.9993802168415,11.347858191702,17.2660249337539
30.9993917296655,11.3729148812106,17.3174223756131
30.9994210374053,11.3775721634364,17.3164023252558
30.9994493751256,11.3822893113767,17.3154196995598
30.9994767682834,11.3870649314914,17.3144729522383
30.9995032428801,11.3919016830172,17.3135542951149
30.9995778894853,11.3769133715356,17.2409783246031
30.999599681291,11.3820279551304,17.2403548795013
30.9996201627178,11.3872576516139,17.2396303761905
30.9996392582707,11.3926755435284,17.2386513443787
30.9996575788212,11.3981436283838,17.2376952457678
30.9996001888708,11.360174886176,17.2594582158992
30.999620756512,11.3657398665185,17.2589338726795
30.9996404711964,11.3714471856418,17.2583336650283
30.9996593537797,11.3772513123963,17.2577070033001
30.9996773824888,11.3831018472149,17.2571046552886
30.9996419476305,11.1551184511635,16.9474649301831
30.9996611106963,11.1614866353959,16.9496827341346
30.9996794536776,11.1679187316803,16.9519709870454
30.9996970344656,11.1744040015996,16.9543351651535
30.9997139017637,11.1809325210742,16.956780679834
30.9995220991312,11.412251562212,17.5990878889787
30.9995482336188,11.4179745436765,17.5993879338212
30.9995733045964,11.4237440404099,17.599729121311
30.9995973582714,11.4295537564921,17.6001155302573
30.9996203868238,11.4351682055706,17.5998996532955
30.9997954040899,11.4444107523929,17.3224804844845
30.9998081409162,11.4499830522152,17.3208304752812
30.9998202960429,11.4555905259542,17.3192319812272
30.999832028375,11.4612312146433,17.3176847810727
30.999842402541,11.4669038402966,17.3161961740336
30.9998929159752,11.3069378127124,16.9265158788836
30.9998989552452,11.3130187745071,16.9271771206348
30.9999047313662,11.3191100353545,16.9277428398637
30.999910097017,11.3247797449927,16.9256730488241
30.9999149841814,11.3304708071483,16.9236716970933
30.999935918155,11.2652742698723,16.7063964374434
30.9999395604926,11.271282901336,16.7058484737681
30.9999430444678,11.2773191655316,16.705426089242
30.9999463551838,11.2833887615332,16.7051303598395
30.9999493204595,11.2894982001233,16.7049633246331
30.999955746291,11.5241439334224,17.0067220130213
30.9999582296372,11.5297202876028,17.0043867219509
30.9999605910676,11.5353159051109,17.0021566664482
30.9999627974472,11.5409310914796,17.0000372260823
30.999964905216,11.5465561073585,16.9975950765587
30.9999782020042,11.6268542254036,16.9609908849275
30.999979453872,11.6322702062878,16.9574377846295
30.9999806421964,11.637688966113,16.9539594223144
30.9999817748087,11.6431108944984,16.9505613757098
30.9999828525876,11.6485363767748,16.9472491954317
30.9999788211058,11.6940005508041,17.1207443750026
30.9999801053257,11.6993132759528,17.116640691371
30.9999812871014,11.7046226204824,17.1126001087081
30.999982390075,11.7099290473311,17.108628811125
30.9999834371479,11.7152330475357,17.1047330152179
30.9999898569271,11.7781642286915,17.0240784660273
30.99999047742,11.7834124978809,17.0198158960002
30.9999910659427,11.7886874334826,17.0154096445992
30.9999916230639,11.7939672377663,17.0110768555157
30.9999921503144,11.7992526570258,17.006823390969
30.9999955004654,11.9541961580434,17.0803936017188
30.9999957561592,11.9589718483763,17.0757499830884
30.9999959840514,11.9636906349864,17.0711470615754
30.9999961965045,11.968237657072,17.0665474634559
30.9999963957133,11.9727614369569,17.062017742504
